G1,北京南站
G1,南京南站
G1,上海虹桥站
G2,上海虹桥站
G2,南京南站
G2,北京南站
G3,北京南站
G3,南京南站
G3,上海虹桥站
G4,上海虹桥站
G4,南京南站
G4,北京南站
G11,北京南站
G11,济南西站
G11,曲阜东站
G11,南京南站
G11,常州北站
G11,上海虹桥站
G12,上海虹桥站
G12,常州北站
G12,南京南站
G12,徐州东站
G12,曲阜东站
G12,济南西站
G12,北京南站
G13,北京南站
G13,济南西站
G13,南京南站
G13,上海虹桥站
G14,上海虹桥站
G14,南京南站
G14,济南西站
G14,北京南站
G15,北京南站
G15,济南西站
G15,南京南站
G15,上海虹桥站
G16,上海虹桥站
G16,南京南站
G16,济南西站
G16,北京南站
G17,北京南站
G17,济南西站
G17,南京南站
G17,上海虹桥站
G18,上海虹桥站
G18,南京南站
G18,济南西站
G18,北京南站
G19,北京南站
G19,德州东站
G19,济南西站
G19,徐州东站
G19,南京南站
G19,上海虹桥站
G20,上海虹桥站
G20,无锡东站
G20,南京南站
G20,泰安站
G20,济南西站
G20,北京南站
G21,北京南站
G21,天津南站
G21,济南西站
G21,滕州东站
G21,徐州东站
G21,南京南站
G21,常州北站
G21,苏州北站
G21,上海虹桥站
G22,上海虹桥站
G22,无锡东站
G22,南京南站
G22,徐州东站
G22,曲阜东站
G22,济南西站
G22,北京南站
G28,广州南站
G28,韶关站
G28,衡阳东站
G28,株洲西站
G28,长沙南站
G28,岳阳东站
G28,咸宁北站
G28,武汉站
G28,红安西站
G28,麻城北站
G28,金寨站
G28,六安站
G28,合肥站
G28,蚌埠南站
G28,徐州东站
G28,枣庄站
G28,曲阜东站
G28,泰安站
G28,济南西站
G29,北京南站
G29,天津南站
G29,济南西站
G29,合肥站
G30,合肥站
G30,济南西站
G30,天津南站
G30,北京南站
G31,北京南站
G31,济南西站
G31,南京南站
G31,湖州站
G31,杭州站
G32,杭州东站
G32,湖州站
G32,南京南站
G32,济南西站
G32,北京南站
G33,北京南站
G33,天津南站
G33,沧州西站
G33,德州东站
G33,济南西站
G33,曲阜东站
G33,徐州东站
G33,蚌埠南站
G33,南京南站
G33,江宁站
G33,溧阳站
G33,湖州站
G33,杭州东站
G34,杭州东站
G34,湖州站
G34,宜兴站
G34,溧水站
G34,南京南站
G34,宿州东站
G34,徐州东站
G34,曲阜东站
G34,济南西站
G34,德州东站
G34,北京南站
G35,北京南站
G35,天津南站
G35,德州东站
G35,济南西站
G35,曲阜东站
G35,枣庄站
G35,徐州东站
G35,南京南站
G35,溧水站
G35,长兴站
G35,湖州站
G35,杭州东站
G36,杭州东站
G36,德清站
G36,湖州站
G36,句容西站
G36,南京南站
G36,徐州东站
G36,滕州东站
G36,济南西站
G36,德州东站
G36,北京南站
G37,北京南站
G37,德州东站
G37,济南西站
G37,徐州东站
G37,南京南站
G37,宜兴站
G37,湖州站
G37,德清站
G37,杭州东站
G38,杭州东站
G38,湖州站
G38,宜兴站
G38,溧阳站
G38,南京南站
G38,蚌埠南站
G38,徐州东站
G38,泰安站
G38,济南西站
G38,沧州西站
G38,北京南站
G39,大连北站
G39,鲅鱼圈站
G39,营口东站
G39,盘锦站
G39,葫芦岛北站
G39,山海关站
G39,秦皇岛站
G39,唐山站
G39,滨海站
G39,军粮城北站
G39,天津站
G39,天津西站
G39,沧州西站
G39,德州东站
G39,济南西站
G40,杭州站
G40,湖州站
G40,长兴站
G40,宜兴站
G40,南京南站
G40,徐州东站
G40,济南西站
G40,天津南站
G40,北京南站
G41,北京南站
G41,天津南站
G41,德州东站
G41,济南西站
G41,泰安站
G41,徐州东站
G41,南京南站
G41,昆山南站
G41,上海虹桥站
G41,嘉兴南站
G41,余杭站
G41,杭州站
G42,杭州东站
G42,桐乡站
G42,嘉善南站
G42,上海虹桥站
G42,无锡东站
G42,镇江南站
G42,南京南站
G42,徐州东站
G42,枣庄站
G42,济南西站
G42,沧州西站
G42,北京南站
G43,北京南站
G43,廊坊站
G43,济南西站
G43,曲阜东站
G43,徐州东站
G43,南京南站
G43,常州北站
G43,苏州北站
G43,上海虹桥站
G43,嘉善南站
G43,桐乡站
G43,杭州东站
G44,杭州站
G44,余杭站
G44,嘉兴南站
G44,上海虹桥站
G44,昆山南站
G44,无锡东站
G44,常州北站
G44,南京南站
G44,徐州东站
G44,滕州东站
G44,泰安站
G44,济南西站
G44,德州东站
G44,北京南站
G51,天津西站
G51,沧州西站
G51,德州东站
G51,济南西站
G51,枣庄站
G51,徐州东站
G51,南京南站
G51,溧阳站
G51,宜兴站
G51,湖州站
G51,杭州东站
G51,绍兴北站
G51,余姚北站
G51,宁波站
G52,宁波站
G52,绍兴北站
G52,杭州东站
G52,德清站
G52,湖州站
G52,瓦屋山站
G52,南京南站
G52,蚌埠南站
G52,徐州东站
G52,济南西站
G52,德州东站
G52,天津西站
G53,天津西站
G53,沧州西站
G53,济南西站
G53,泰安站
G53,滕州东站
G53,徐州东站
G53,南京南站
G53,句容西站
G53,溧阳站
G53,宜兴站
G53,德清站
G53,杭州东站
G54,杭州东站
G54,湖州站
G54,宜兴站
G54,南京南站
G54,宿州东站
G54,徐州东站
G54,泰安站
G54,济南西站
G54,沧州西站
G54,天津西站
G55,北京南站
G55,天津南站
G55,德州东站
G55,济南西站
G55,曲阜东站
G55,徐州东站
G55,南京南站
G55,江宁站
G55,湖州站
G55,杭州东站
G55,绍兴北站
G55,宁波站
G55,台州站
G55,温岭站
G55,温州南站
G55,福鼎站
G55,霞浦站
G55,宁德站
G55,福州站
G56,福州站
G56,宁德站
G56,霞浦站
G56,福鼎站
G56,温州南站
G56,温岭站
G56,台州站
G56,宁波站
G56,绍兴北站
G56,杭州东站
G56,湖州站
G56,溧阳站
G56,溧水站
G56,南京南站
G56,徐州东站
G56,枣庄站
G56,滕州东站
G56,济南西站
G56,天津南站
G56,北京南站
G57,北京南站
G57,天津南站
G57,德州东站
G57,济南西站
G57,滕州东站
G57,徐州东站
G57,滁州站
G57,南京南站
G57,宜兴站
G57,德清站
G57,杭州东站
G57,绍兴北站
G57,上虞北站
G57,宁波站
G58,宁波站
G58,上虞北站
G58,绍兴北站
G58,杭州东站
G58,长兴站
G58,溧阳站
G58,江宁站
G58,南京南站
G58,徐州东站
G58,泰安站
G58,济南西站
G58,廊坊站
G58,北京南站
G59,北京南站
G59,廊坊站
G59,沧州西站
G59,济南西站
G59,枣庄站
G59,徐州东站
G59,南京南站
G59,句容西站
G59,宜兴站
G59,湖州站
G59,杭州东站
G59,绍兴北站
G59,余姚北站
G59,宁波站
G60,宁波站
G60,余姚北站
G60,绍兴北站
G60,杭州东站
G60,德清站
G60,江宁站
G60,南京南站
G60,蚌埠南站
G60,徐州东站
G60,曲阜东站
G60,泰安站
G60,济南西站
G60,沧州西站
G60,天津南站
G60,北京南站
G61,济南西站
G61,泰安站
G61,枣庄站
G61,徐州东站
G61,宿州东站
G61,蚌埠南站
G61,南京南站
G61,溧水站
G61,宜兴站
G61,湖州站
G61,杭州东站
G62,杭州东站
G62,德清站
G62,湖州站
G62,长兴站
G62,宜兴站
G62,溧阳站
G62,南京南站
G62,蚌埠南站
G62,宿州东站
G62,徐州东站
G62,曲阜东站
G62,济南西站
G63,济南站
G63,泰安站
G63,曲阜东站
G63,枣庄站
G63,徐州东站
G63,南京南站
G63,长兴站
G63,湖州站
G63,德清站
G63,杭州东站
G63,绍兴北站
G63,宁波站
G63,三门县站
G63,台州站
G63,温岭站
G63,温州南站
G64,温州南站
G64,温岭站
G64,台州站
G64,临海站
G64,宁波站
G64,绍兴北站
G64,杭州东站
G64,德清站
G64,长兴站
G64,江宁站
G64,南京南站
G64,滁州站
G64,徐州东站
G64,曲阜东站
G64,泰安站
G64,济南西站
G65,北京西站
G65,高碑店东站
G65,定州东站
G65,正定机场站
G65,石家庄站
G65,邯郸东站
G65,安阳东站
G65,郑州东站
G65,许昌东站
G65,信阳东站
G65,武汉站
G65,岳阳东站
G65,长沙南站
G65,衡山西站
G65,郴州西站
G65,清远站
G65,广州南站
G66,广州南站
G66,长沙南站
G66,武汉站
G66,郑州东站
G66,石家庄站
G66,北京西站
G67,北京西站
G67,保定东站
G67,正定机场站
G67,石家庄站
G67,高邑西站
G67,邢台东站
G67,新乡东站
G67,郑州东站
G67,许昌东站
G67,驻马店西站
G67,信阳东站
G67,武汉站
G67,岳阳东站
G67,长沙南站
G67,衡山西站
G67,郴州西站
G67,韶关站
G67,广州南站
G68,广州南站
G68,韶关站
G68,郴州西站
G68,株洲西站
G68,长沙南站
G68,岳阳东站
G68,武汉站
G68,信阳东站
G68,驻马店西站
G68,漯河西站
G68,许昌东站
G68,郑州东站
G68,鹤壁东站
G68,安阳东站
G68,邯郸东站
G68,高邑西站
G68,石家庄站
G68,保定东站
G68,北京西站
G69,北京西站
G69,保定东站
G69,石家庄站
G69,邯郸东站
G69,鹤壁东站
G69,郑州东站
G69,驻马店西站
G69,武汉站
G69,长沙南站
G69,株洲西站
G69,衡阳东站
G69,韶关站
G69,广州南站
G70,广州南站
G70,韶关站
G70,郴州西站
G70,衡阳东站
G70,长沙南站
G70,岳阳东站
G70,武汉站
G70,信阳东站
G70,明港东站
G70,郑州东站
G70,安阳东站
G70,邯郸东站
G70,邢台东站
G70,石家庄站
G70,涿州东站
G70,北京西站
G71,北京西站
G71,保定东站
G71,石家庄站
G71,邯郸东站
G71,鹤壁东站
G71,郑州东站
G71,驻马店西站
G71,孝感北站
G71,武汉站
G71,长沙南站
G71,株洲西站
G71,衡阳东站
G71,耒阳西站
G71,韶关站
G71,广州南站
G71,虎门站
G71,深圳北站
G72,深圳北站
G72,广州南站
G72,耒阳西站
G72,衡山西站
G72,株洲西站
G72,长沙南站
G72,岳阳东站
G72,武汉站
G72,驻马店西站
G72,漯河西站
G72,郑州东站
G72,鹤壁东站
G72,邯郸东站
G72,石家庄站
G72,保定东站
G72,北京西站
G73,郑州东站
G73,许昌东站
G73,漯河西站
G73,信阳东站
G73,武汉站
G73,汨罗东站
G73,长沙南站
G73,郴州西站
G73,清远站
G73,广州南站
G73,虎门站
G73,深圳北站
G74,深圳北站
G74,虎门站
G74,广州南站
G74,清远站
G74,韶关站
G74,株洲西站
G74,长沙南站
G74,岳阳东站
G74,武汉站
G74,信阳东站
G74,驻马店西站
G74,许昌东站
G74,郑州东站
G75,郑州东站
G75,许昌东站
G75,漯河西站
G75,驻马店西站
G75,信阳东站
G75,武汉站
G75,长沙南站
G75,株洲西站
G75,衡阳东站
G75,韶关站
G75,广州南站
G75,虎门站
G75,深圳北站
G76,深圳北站
G76,虎门站
G76,广州南站
G76,郴州西站
G76,衡阳东站
G76,长沙南站
G76,武汉站
G76,信阳东站
G76,驻马店西站
G76,漯河西站
G76,郑州东站
G77,武汉站
G77,长沙南站
G77,广州南站
G77,深圳北站
G79,北京西站
G79,石家庄站
G79,郑州东站
G79,武汉站
G79,长沙南站
G79,广州南站
G79,深圳北站
G80,深圳北站
G80,虎门站
G80,广州南站
G80,清远站
G80,韶关站
G80,衡山西站
G80,长沙南站
G80,岳阳东站
G80,咸宁北站
G80,武汉站
G80,驻马店西站
G80,许昌东站
G80,郑州东站
G80,新乡东站
G80,邢台东站
G80,石家庄站
G80,保定东站
G80,北京西站
G83,北京西站
G83,石家庄站
G83,郑州东站
G83,武汉站
G83,长沙南站
G84,长沙南站
G84,武汉站
G84,郑州东站
G84,石家庄站
G84,北京西站
G87,北京西站
G87,郑州东站
G87,西安北站
G89,北京西站
G89,石家庄站
G89,郑州东站
G90,郑州东站
G90,石家庄站
G90,北京西站
G91,北京西站
G91,石家庄站
G91,太原站
G92,太原站
G92,石家庄站
G92,北京西站
G93,郑州站
G93,武汉站
G93,长沙南站
G93,广州南站
G94,广州南站
G94,长沙南站
G94,武汉站
G94,郑州东站
G95,西安北站
G95,郑州站
G95,武汉站
G95,长沙南站
G95,广州南站
G96,广州南站
G96,长沙南站
G96,武汉站
G96,郑州站
G96,西安北站
G97,广州南站
G97,长沙南站
G97,武汉站
G97,郑州站
G97,西安北站
G98,西安北站
G98,郑州站
G98,武汉站
G98,长沙南站
G98,广州南站
G101,北京南站
G101,沧州西站
G101,济南西站
G101,曲阜东站
G101,枣庄站
G101,徐州东站
G101,南京南站
G101,镇江南站
G101,苏州北站
G101,上海虹桥站
G102,上海虹桥站
G102,常州北站
G102,南京南站
G102,滁州站
G102,滕州东站
G102,济南西站
G102,北京南站
G104,上海虹桥站
G104,苏州北站
G104,镇江南站
G104,南京南站
G104,徐州东站
G104,泰安站
G104,济南西站
G104,天津南站
G104,北京南站
G105,北京南站
G105,廊坊站
G105,沧州西站
G105,济南西站
G105,曲阜东站
G105,滁州站
G105,南京南站
G105,丹阳北站
G105,苏州北站
G105,上海虹桥站
G106,上海虹桥站
G106,昆山南站
G106,无锡东站
G106,丹阳北站
G106,南京南站
G106,蚌埠南站
G106,徐州东站
G106,枣庄站
G106,济南西站
G106,德州东站
G106,北京南站
G107,北京南站
G107,沧州西站
G107,德州东站
G107,济南西站
G107,徐州东站
G107,宿州东站
G107,南京南站
G107,上海虹桥站
G108,上海虹桥站
G108,苏州北站
G108,南京南站
G108,定远站
G108,徐州东站
G108,泰安站
G108,济南西站
G108,天津南站
G108,廊坊站
G108,北京南站
G110,上海虹桥站
G110,昆山南站
G110,无锡东站
G110,南京南站
G110,滁州站
G110,蚌埠南站
G110,徐州东站
G110,枣庄站
G110,济南西站
G110,德州东站
G110,北京南站
G111,北京南站
G111,德州东站
G111,济南西站
G111,滕州东站
G111,定远站
G111,南京南站
G111,常州北站
G111,苏州北站
G111,上海虹桥站
G112,上海虹桥站
G112,苏州北站
G112,镇江南站
G112,南京南站
G112,宿州东站
G112,枣庄站
G112,济南西站
G112,德州东站
G112,北京南站
G113,北京南站
G113,德州东站
G113,济南西站
G113,徐州东站
G113,南京南站
G113,常州北站
G113,苏州北站
G113,上海虹桥站
G114,上海虹桥站
G114,无锡东站
G114,常州北站
G114,南京南站
G114,蚌埠南站
G114,徐州东站
G114,曲阜东站
G114,济南西站
G114,德州东站
G114,北京南站
G115,北京南站
G115,天津南站
G115,德州东站
G115,济南西站
G115,滕州东站
G115,蚌埠南站
G115,南京南站
G115,无锡东站
G115,上海虹桥站
G116,上海虹桥站
G116,苏州北站
G116,无锡东站
G116,丹阳北站
G116,南京南站
G116,定远站
G116,徐州东站
G116,泰安站
G116,济南西站
G116,廊坊站
G116,北京南站
G117,北京南站
G117,廊坊站
G117,沧州西站
G117,济南西站
G117,曲阜东站
G117,滕州东站
G117,徐州东站
G117,南京南站
G117,丹阳北站
G117,苏州北站
G117,上海虹桥站
G119,北京南站
G119,天津南站
G119,济南西站
G119,泰安站
G119,曲阜东站
G119,徐州东站
G119,南京南站
G119,镇江南站
G119,常州北站
G119,无锡东站
G119,上海虹桥站
G120,上海虹桥站
G120,苏州北站
G120,常州北站
G120,南京南站
G120,徐州东站
G120,曲阜东站
G120,济南西站
G120,沧州西站
G120,北京南站
G121,北京南站
G121,廊坊站
G121,济南西站
G121,泰安站
G121,徐州东站
G121,宿州东站
G121,南京南站
G121,苏州北站
G121,上海虹桥站
G124,上海虹桥站
G124,苏州北站
G124,南京南站
G124,徐州东站
G124,枣庄站
G124,滕州东站
G124,济南西站
G124,德州东站
G124,廊坊站
G124,北京南站
G125,北京南站
G125,天津南站
G125,沧州西站
G125,德州东站
G125,济南西站
G125,蚌埠南站
G125,南京南站
G125,丹阳北站
G125,苏州北站
G125,上海虹桥站
G126,上海虹桥站
G126,苏州北站
G126,镇江南站
G126,南京南站
G126,滁州站
G126,宿州东站
G126,泰安站
G126,济南西站
G126,德州东站
G126,天津南站
G126,北京南站
G128,上海虹桥站
G128,无锡东站
G128,常州北站
G128,南京南站
G128,滁州站
G128,徐州东站
G128,枣庄站
G128,滕州东站
G128,济南西站
G128,德州东站
G128,天津南站
G128,北京南站
G129,北京南站
G129,廊坊站
G129,德州东站
G129,济南西站
G129,徐州东站
G129,宿州东站
G129,南京南站
G129,镇江南站
G129,无锡东站
G129,上海虹桥站
G130,上海虹桥站
G130,无锡东站
G130,镇江南站
G130,南京南站
G130,蚌埠南站
G130,徐州东站
G130,枣庄站
G130,泰安站
G130,济南西站
G130,德州东站
G130,北京南站
G131,北京南站
G131,沧州西站
G131,济南西站
G131,曲阜东站
G131,枣庄站
G131,徐州东站
G131,滁州站
G131,南京南站
G131,苏州北站
G131,上海虹桥站
G132,上海虹桥站
G132,苏州北站
G132,常州北站
G132,南京南站
G132,宿州东站
G132,徐州东站
G132,枣庄站
G132,曲阜东站
G132,济南西站
G132,德州东站
G132,沧州西站
G132,北京南站
G133,北京南站
G133,沧州西站
G133,德州东站
G133,济南西站
G133,徐州东站
G133,南京南站
G133,无锡东站
G133,昆山南站
G133,上海虹桥站
G134,上海虹桥站
G134,昆山南站
G134,无锡东站
G134,南京南站
G134,蚌埠南站
G134,宿州东站
G134,徐州东站
G134,济南西站
G134,德州东站
G134,天津南站
G134,北京南站
G135,北京南站
G135,天津南站
G135,济南西站
G135,枣庄站
G135,徐州东站
G135,滁州站
G135,南京南站
G135,常州北站
G135,无锡东站
G135,上海虹桥站
G137,北京南站
G137,天津南站
G137,济南西站
G137,泰安站
G137,徐州东站
G137,宿州东站
G137,蚌埠南站
G137,南京南站
G137,丹阳北站
G137,苏州北站
G137,上海虹桥站
G138,上海虹桥站
G138,苏州北站
G138,常州北站
G138,南京南站
G138,滁州站
G138,泰安站
G138,济南西站
G138,沧州西站
G138,北京南站
G139,北京南站
G139,天津南站
G139,沧州西站
G139,济南西站
G139,枣庄站
G139,徐州东站
G139,蚌埠南站
G139,南京南站
G139,无锡东站
G139,上海虹桥站
G140,上海虹桥站
G140,苏州北站
G140,无锡东站
G140,镇江南站
G140,南京南站
G140,枣庄站
G140,泰安站
G140,济南西站
G140,沧州西站
G140,北京南站
G141,北京南站
G141,济南西站
G141,泰安站
G141,徐州东站
G141,南京南站
G141,镇江南站
G141,苏州北站
G141,昆山南站
G141,上海虹桥站
G142,上海虹桥站
G142,昆山南站
G142,无锡东站
G142,南京南站
G142,蚌埠南站
G142,徐州东站
G142,滕州东站
G142,曲阜东站
G142,济南西站
G142,北京南站
G143,北京南站
G143,沧州西站
G143,济南西站
G143,曲阜东站
G143,徐州东站
G143,滁州站
G143,南京南站
G143,镇江南站
G143,无锡东站
G143,苏州北站
G143,上海虹桥站
G144,上海虹桥站
G144,苏州北站
G144,常州北站
G144,南京南站
G144,蚌埠南站
G144,徐州东站
G144,枣庄站
G144,济南西站
G144,北京南站
G145,北京南站
G145,天津南站
G145,德州东站
G145,曲阜东站
G145,徐州东站
G145,蚌埠南站
G145,南京南站
G145,常州北站
G145,昆山南站
G145,上海虹桥站
G146,上海虹桥站
G146,苏州北站
G146,无锡东站
G146,镇江南站
G146,南京南站
G146,徐州东站
G146,滕州东站
G146,济南西站
G146,沧州西站
G146,北京南站
G147,北京南站
G147,沧州西站
G147,济南西站
G147,滕州东站
G147,滁州站
G147,南京南站
G147,镇江南站
G147,丹阳北站
G147,苏州北站
G147,上海虹桥站
G148,上海虹桥站
G148,苏州北站
G148,常州北站
G148,南京南站
G148,宿州东站
G148,枣庄站
G148,曲阜东站
G148,济南西站
G148,德州东站
G148,北京南站
G149,北京南站
G149,沧州西站
G149,济南西站
G149,泰安站
G149,徐州东站
G149,宿州东站
G149,蚌埠南站
G149,南京南站
G149,无锡东站
G149,昆山南站
G149,上海虹桥站
G150,上海虹桥站
G150,苏州北站
G150,丹阳北站
G150,南京南站
G150,枣庄站
G150,曲阜东站
G150,济南西站
G150,德州东站
G150,沧州西站
G150,北京南站
G152,上海虹桥站
G152,昆山南站
G152,南京南站
G152,徐州东站
G152,滕州东站
G152,济南西站
G152,德州东站
G152,沧州西站
G152,天津南站
G152,北京南站
G153,北京南站
G153,廊坊站
G153,天津南站
G153,德州东站
G153,济南西站
G153,枣庄站
G153,徐州东站
G153,南京南站
G153,无锡东站
G153,昆山南站
G153,上海虹桥站
G154,上海虹桥站
G154,苏州北站
G154,镇江南站
G154,南京南站
G154,蚌埠南站
G154,泰安站
G154,济南西站
G154,沧州西站
G154,北京南站
G155,北京南站
G155,德州东站
G155,济南西站
G155,滕州东站
G155,徐州东站
G155,南京南站
G155,常州北站
G155,苏州北站
G155,上海虹桥站
G156,上海虹桥站
G156,苏州北站
G156,无锡东站
G156,南京南站
G156,滁州站
G156,曲阜东站
G156,济南西站
G156,德州东站
G156,廊坊站
G156,北京南站
G158,上海虹桥站
G158,昆山南站
G158,苏州北站
G158,常州北站
G158,南京南站
G158,蚌埠南站
G158,滕州东站
G158,曲阜东站
G158,济南西站
G158,沧州西站
G158,北京南站
G160,上海虹桥站
G160,昆山南站
G160,南京南站
G160,滁州站
G160,徐州东站
G160,滕州东站
G160,德州东站
G160,北京南站
G171,天津西站
G171,沧州西站
G171,济南西站
G171,济南站
G171,淄博站
G171,潍坊站
G171,高密站
G171,青岛站
G172,青岛站
G172,潍坊站
G172,淄博站
G172,济南站
G172,济南西站
G172,沧州西站
G172,天津西站
G177,济南西站
G177,曲阜东站
G177,滕州东站
G177,徐州东站
G177,宿州东站
G177,蚌埠南站
G177,南京南站
G177,常州北站
G177,苏州北站
G177,上海虹桥站
G178,上海虹桥站
G178,苏州北站
G178,无锡东站
G178,南京南站
G178,滁州站
G178,定远站
G178,宿州东站
G178,徐州东站
G178,滕州东站
G178,曲阜东站
G178,济南西站
G181,北京南站
G181,天津南站
G181,沧州西站
G181,济南西站
G182,济南站
G182,济南西站
G182,德州东站
G182,廊坊站
G182,北京南站
G184,枣庄站
G184,滕州东站
G184,曲阜东站
G184,泰安站
G184,济南西站
G184,德州东站
G184,天津南站
G184,廊坊站
G184,北京南站
G185,北京南站
G185,天津南站
G185,沧州西站
G185,济南西站
G185,济南站
G185,淄博站
G185,潍坊站
G185,青岛站
G186,青岛站
G186,潍坊站
G186,淄博站
G186,济南站
G186,德州东站
G186,廊坊站
G186,北京南站
G187,北京南站
G187,廊坊站
G187,沧州西站
G187,德州东站
G187,济南西站
G187,济南站
G187,淄博站
G187,潍坊站
G187,青岛站
G188,青岛站
G188,潍坊站
G188,淄博站
G188,济南站
G188,德州东站
G188,廊坊站
G188,北京南站
G189,北京南站
G189,天津南站
G189,德州东站
G189,济南西站
G189,济南站
G189,淄博站
G189,潍坊站
G189,青岛站
G190,青岛站
G190,潍坊站
G190,淄博站
G190,济南站
G190,济南西站
G190,沧州西站
G190,北京南站
G191,北京南站
G191,廊坊站
G191,天津南站
G191,济南西站
G191,济南站
G191,淄博站
G191,潍坊站
G191,高密站
G191,青岛站
G192,青岛站
G192,潍坊站
G192,淄博站
G192,济南站
G192,济南西站
G192,德州东站
G192,北京南站
G193,北京南站
G193,廊坊站
G193,德州东站
G193,济南西站
G193,济南站
G193,淄博站
G193,潍坊站
G193,青岛站
G194,青岛站
G194,潍坊站
G194,淄博站
G194,济南站
G194,济南西站
G194,德州东站
G194,天津南站
G194,北京南站
G195,北京南站
G195,沧州西站
G195,德州东站
G195,济南西站
G195,济南站
G195,淄博站
G195,潍坊站
G195,青岛站
G196,青岛站
G196,潍坊站
G196,淄博站
G196,济南站
G196,济南西站
G196,德州东站
G196,天津南站
G196,北京南站
G197,北京南站
G197,德州东站
G197,济南西站
G197,济南站
G197,淄博站
G197,潍坊站
G197,青岛站
G198,青岛站
G198,潍坊站
G198,淄博站
G198,济南站
G198,济南西站
G198,沧州西站
G198,北京南站
G201,北京南站
G201,天津南站
G201,济南西站
G201,泰安站
G201,滕州东站
G201,徐州东站
G201,南京南站
G202,南京南站
G202,蚌埠南站
G202,宿州东站
G202,徐州东站
G202,枣庄站
G202,泰安站
G202,济南西站
G202,沧州西站
G202,天津南站
G202,廊坊站
G202,北京南站
G203,北京南站
G203,天津南站
G203,济南西站
G203,泰安站
G203,徐州东站
G203,蚌埠南站
G203,南京南站
G204,南京南站
G204,滁州站
G204,定远站
G204,蚌埠南站
G204,徐州东站
G204,曲阜东站
G204,济南西站
G204,沧州西站
G204,天津南站
G204,北京南站
G205,北京南站
G205,济南西站
G205,南京南站
G206,南京南站
G206,济南西站
G206,北京南站
G211,天津西站
G211,德州东站
G211,济南西站
G211,曲阜东站
G211,南京南站
G211,镇江南站
G211,无锡东站
G211,上海虹桥站
G212,上海虹桥站
G212,无锡东站
G212,镇江南站
G212,南京南站
G212,徐州东站
G212,滕州东站
G212,济南西站
G212,德州东站
G212,天津西站
G213,天津西站
G213,沧州西站
G213,德州东站
G213,济南西站
G213,徐州东站
G213,南京南站
G213,镇江南站
G213,无锡东站
G213,苏州北站
G213,上海虹桥站
G214,上海虹桥站
G214,苏州北站
G214,丹阳北站
G214,南京南站
G214,滁州站
G214,徐州东站
G214,曲阜东站
G214,济南西站
G214,沧州西站
G214,天津西站
G215,天津西站
G215,济南西站
G215,曲阜东站
G215,徐州东站
G215,南京南站
G215,无锡东站
G215,苏州北站
G215,上海虹桥站
G216,上海虹桥站
G216,苏州北站
G216,常州北站
G216,南京南站
G216,宿州东站
G216,徐州东站
G216,泰安站
G216,济南西站
G216,沧州西站
G216,天津西站
G221,青岛站
G221,潍坊站
G221,青州市站
G221,淄博站
G221,济南站
G221,泰安站
G221,徐州东站
G221,南京南站
G221,镇江南站
G221,无锡东站
G221,上海虹桥站
G222,上海虹桥站
G222,无锡东站
G222,镇江南站
G222,南京南站
G222,徐州东站
G222,济南站
G222,淄博站
G222,潍坊站
G222,青岛站
G223,上海虹桥站
G223,无锡东站
G223,镇江南站
G223,南京南站
G223,徐州东站
G223,济南站
G223,淄博站
G223,潍坊站
G223,青岛站
G224,青岛站
G224,潍坊站
G224,青州市站
G224,淄博站
G224,济南站
G224,泰安站
G224,徐州东站
G224,南京南站
G224,镇江南站
G224,无锡东站
G224,上海虹桥站
G225,青岛站
G225,潍坊站
G225,青州市站
G225,淄博站
G225,济南站
G225,曲阜东站
G225,滕州东站
G225,徐州东站
G225,南京南站
G225,常州北站
G225,苏州北站
G225,上海虹桥站
G226,上海虹桥站
G226,苏州北站
G226,无锡东站
G226,南京南站
G226,宿州东站
G226,徐州东站
G226,曲阜东站
G226,泰安站
G226,济南站
G226,淄博站
G226,青州市站
G226,潍坊站
G226,青岛站
G227,上海虹桥站
G227,苏州北站
G227,无锡东站
G227,南京南站
G227,宿州东站
G227,徐州东站
G227,曲阜东站
G227,泰安站
G227,济南站
G227,淄博站
G227,青州市站
G227,潍坊站
G227,青岛站
G228,青岛站
G228,潍坊站
G228,青州市站
G228,淄博站
G228,济南站
G228,曲阜东站
G228,滕州东站
G228,徐州东站
G228,南京南站
G228,常州北站
G228,苏州北站
G228,上海虹桥站
G229,青岛站
G229,胶州北站
G229,潍坊站
G229,淄博站
G229,济南站
G229,泰安站
G229,枣庄站
G229,徐州东站
G229,南京南站
G229,常州北站
G229,苏州北站
G229,上海虹桥站
G230,上海虹桥站
G230,苏州北站
G230,常州北站
G230,南京南站
G230,蚌埠南站
G230,徐州东站
G230,曲阜东站
G230,济南站
G230,淄博站
G230,潍坊站
G230,青岛站
G231,上海虹桥站
G231,苏州北站
G231,常州北站
G231,南京南站
G231,蚌埠南站
G231,徐州东站
G231,曲阜东站
G231,济南站
G231,淄博站
G231,潍坊站
G231,青岛站
G232,青岛站
G232,胶州北站
G232,潍坊站
G232,淄博站
G232,济南站
G232,泰安站
G232,枣庄站
G232,徐州东站
G232,南京南站
G232,常州北站
G232,苏州北站
G232,上海虹桥站
G233,青岛站
G233,高密站
G233,潍坊站
G233,淄博站
G233,济南站
G233,枣庄站
G233,徐州东站
G233,南京南站
G233,无锡东站
G233,苏州北站
G233,上海虹桥站
G234,上海虹桥站
G234,镇江南站
G234,南京南站
G234,徐州东站
G234,滕州东站
G234,济南站
G234,淄博站
G234,青州市站
G234,潍坊站
G234,青岛站
G235,上海虹桥站
G235,镇江南站
G235,南京南站
G235,徐州东站
G235,滕州东站
G235,济南站
G235,淄博站
G235,青州市站
G235,潍坊站
G235,青岛站
G236,青岛站
G236,高密站
G236,潍坊站
G236,淄博站
G236,济南站
G236,枣庄站
G236,徐州东站
G236,南京南站
G236,无锡东站
G236,苏州北站
G236,上海虹桥站
G241,青岛站
G241,潍坊站
G241,淄博站
G241,济南站
G241,曲阜东站
G241,枣庄站
G241,徐州东站
G241,宿州东站
G241,淮南东站
G241,水家湖站
G241,合肥站
G242,合肥站
G242,水家湖站
G242,蚌埠南站
G242,徐州东站
G242,枣庄站
G242,泰安站
G242,济南站
G242,淄博站
G242,潍坊站
G242,高密站
G242,青岛站
G243,合肥站
G243,水家湖站
G243,蚌埠南站
G243,徐州东站
G243,枣庄站
G243,泰安站
G243,济南站
G243,淄博站
G243,潍坊站
G243,高密站
G243,青岛站
G244,青岛站
G244,潍坊站
G244,淄博站
G244,济南站
G244,曲阜东站
G244,枣庄站
G244,徐州东站
G244,宿州东站
G244,淮南东站
G244,水家湖站
G244,合肥站
G245,青岛站
G245,胶州北站
G245,高密站
G245,潍坊站
G245,淄博站
G245,济南站
G245,徐州东站
G245,蚌埠南站
G245,淮南东站
G245,水家湖站
G245,合肥站
G246,合肥站
G246,淮南东站
G246,蚌埠南站
G246,徐州东站
G246,枣庄站
G246,曲阜东站
G246,济南站
G246,淄博站
G246,青州市站
G246,昌乐站
G246,潍坊站
G246,高密站
G246,青岛站
G247,合肥站
G247,淮南东站
G247,蚌埠南站
G247,徐州东站
G247,枣庄站
G247,曲阜东站
G247,济南站
G247,淄博站
G247,青州市站
G247,昌乐站
G247,潍坊站
G247,高密站
G247,青岛站
G248,青岛站
G248,胶州北站
G248,高密站
G248,潍坊站
G248,淄博站
G248,济南站
G248,徐州东站
G248,蚌埠南站
G248,淮南东站
G248,水家湖站
G248,合肥站
G253,青岛站
G253,潍坊站
G253,青州市站
G253,淄博站
G253,济南站
G253,泰安站
G253,徐州东站
G253,南京南站
G253,宜兴站
G253,湖州站
G253,德清站
G253,杭州东站
G254,杭州东站
G254,湖州站
G254,宜兴站
G254,溧水站
G254,南京南站
G254,滁州站
G254,徐州东站
G254,枣庄站
G254,泰安站
G254,济南站
G254,淄博站
G254,潍坊站
G254,青岛站
G255,杭州东站
G255,湖州站
G255,宜兴站
G255,溧水站
G255,南京南站
G255,滁州站
G255,徐州东站
G255,枣庄站
G255,泰安站
G255,济南站
G255,淄博站
G255,潍坊站
G255,青岛站
G256,青岛站
G256,潍坊站
G256,青州市站
G256,淄博站
G256,济南站
G256,泰安站
G256,徐州东站
G256,南京南站
G256,宜兴站
G256,湖州站
G256,德清站
G256,杭州东站
G257,青岛站
G257,高密站
G257,潍坊站
G257,淄博站
G257,济南站
G257,枣庄站
G257,徐州东站
G257,蚌埠南站
G257,合肥站
G257,六安站
G257,麻城北站
G257,武汉站
G258,武汉站
G258,麻城北站
G258,六安站
G258,合肥站
G258,徐州东站
G258,曲阜东站
G258,济南站
G258,淄博站
G258,潍坊站
G258,青岛站
G259,武汉站
G259,麻城北站
G259,六安站
G259,合肥站
G259,徐州东站
G259,曲阜东站
G259,济南站
G259,淄博站
G259,潍坊站
G259,青岛站
G260,青岛站
G260,高密站
G260,潍坊站
G260,淄博站
G260,济南站
G260,枣庄站
G260,徐州东站
G260,蚌埠南站
G260,合肥站
G260,六安站
G260,麻城北站
G260,武汉站
G261,北京南站
G261,天津南站
G261,德州东站
G261,济南西站
G261,曲阜东站
G261,宿州东站
G261,蚌埠南站
G261,水家湖站
G261,合肥站
G262,合肥站
G262,淮南东站
G262,蚌埠南站
G262,宿州东站
G262,滕州东站
G262,济南西站
G262,天津南站
G262,北京南站
G263,北京南站
G263,廊坊站
G263,济南西站
G263,泰安站
G263,徐州东站
G263,蚌埠南站
G263,淮南东站
G263,水家湖站
G263,合肥站
G264,合肥站
G264,水家湖站
G264,蚌埠南站
G264,徐州东站
G264,滕州东站
G264,济南西站
G264,天津南站
G264,北京南站
G265,北京南站
G265,廊坊站
G265,沧州西站
G265,德州东站
G265,泰安站
G265,徐州东站
G265,淮南东站
G265,合肥站
G266,六安站
G266,合肥站
G266,淮南东站
G266,蚌埠南站
G266,宿州东站
G266,徐州东站
G266,泰安站
G266,济南西站
G266,德州东站
G266,沧州西站
G266,廊坊站
G266,北京南站
G267,北京南站
G267,廊坊站
G267,天津南站
G267,济南西站
G267,枣庄站
G267,徐州东站
G267,蚌埠南站
G267,淮南东站
G267,合肥站
G268,合肥站
G268,淮南东站
G268,蚌埠南站
G268,徐州东站
G268,滕州东站
G268,济南西站
G268,沧州西站
G268,廊坊站
G268,北京南站
G270,合肥站
G270,合肥北城站
G270,淮南东站
G270,徐州东站
G270,枣庄站
G270,曲阜东站
G270,济南西站
G270,沧州西站
G270,廊坊站
G270,北京南站
G271,北京南站
G271,廊坊站
G271,天津南站
G271,济南西站
G271,泰安站
G271,宿州东站
G271,蚌埠南站
G271,淮南东站
G271,合肥站
G272,合肥站
G272,宿州东站
G272,枣庄站
G272,济南西站
G272,天津南站
G272,北京南站
G275,青岛站
G275,潍坊站
G275,淄博站
G275,济南站
G275,曲阜东站
G275,滕州东站
G275,徐州东站
G275,蚌埠南站
G275,合肥站
G275,六安站
G275,金寨站
G275,麻城北站
G275,武汉站
G275,咸宁北站
G275,长沙南站
G275,衡阳东站
G275,郴州西站
G275,广州北站
G275,广州南站
G276,广州南站
G276,清远站
G276,衡阳东站
G276,长沙南站
G276,岳阳东站
G276,咸宁北站
G276,武汉站
G276,麻城北站
G276,六安站
G276,合肥站
G276,淮南东站
G276,徐州东站
G276,滕州东站
G276,泰安站
G276,济南站
G276,淄博站
G276,青州市站
G276,潍坊站
G276,高密站
G276,青岛站
G277,广州南站
G277,清远站
G277,衡阳东站
G277,长沙南站
G277,岳阳东站
G277,咸宁北站
G277,武汉站
G277,麻城北站
G277,六安站
G277,合肥站
G277,淮南东站
G277,徐州东站
G277,滕州东站
G277,泰安站
G277,济南站
G277,淄博站
G277,青州市站
G277,潍坊站
G277,高密站
G277,青岛站
G278,青岛站
G278,潍坊站
G278,淄博站
G278,济南站
G278,曲阜东站
G278,滕州东站
G278,徐州东站
G278,蚌埠南站
G278,合肥站
G278,六安站
G278,金寨站
G278,麻城北站
G278,武汉站
G278,咸宁北站
G278,长沙南站
G278,衡阳东站
G278,郴州西站
G278,广州北站
G278,广州南站
G279,济南西站
G279,泰安站
G279,曲阜东站
G279,枣庄站
G279,徐州东站
G279,蚌埠南站
G279,淮南东站
G279,合肥站
G279,六安站
G279,麻城北站
G279,武汉站
G279,咸宁北站
G279,岳阳东站
G279,长沙南站
G279,衡阳东站
G279,郴州西站
G279,韶关站
G279,广州南站
G280,广州南站
G280,韶关站
G280,衡阳东站
G280,株洲西站
G280,长沙南站
G280,岳阳东站
G280,咸宁北站
G280,武汉站
G280,红安西站
G280,麻城北站
G280,金寨站
G280,六安站
G280,合肥站
G280,蚌埠南站
G280,徐州东站
G280,枣庄站
G280,曲阜东站
G280,泰安站
G280,济南西站
G365,天津西站
G365,天津站
G365,唐山站
G365,秦皇岛站
G365,山海关站
G365,绥中北站
G365,盘锦北站
G365,沈阳北站
G366,沈阳站
G366,盘锦北站
G366,东戴河站
G366,山海关站
G366,秦皇岛站
G366,滦河站
G366,唐山站
G366,滨海北站
G366,天津站
G366,天津西站
G369,天津西站
G369,天津站
G369,滨海站
G369,唐山站
G369,滦河站
G369,秦皇岛站
G369,山海关站
G369,东戴河站
G369,辽阳站
G369,沈阳北站
G370,沈阳北站
G370,辽阳站
G370,鞍山西站
G370,海城西站
G370,盘锦站
G370,锦州南站
G370,山海关站
G370,秦皇岛站
G370,唐山站
G370,天津站
G370,天津西站
G373,天津西站
G373,天津站
G373,滨海北站
G373,唐山站
G373,北戴河站
G373,盘锦站
G373,鞍山西站
G373,沈阳北站
G373,昌图西站
G373,四平东站
G373,长春西站
G373,哈尔滨西站
G374,哈尔滨西站
G374,德惠西站
G374,长春西站
G374,铁岭西站
G374,沈阳北站
G374,盘锦站
G374,锦州南站
G374,绥中北站
G374,秦皇岛站
G374,唐山站
G374,天津站
G374,天津西站
G381,北京南站
G381,天津站
G381,唐山站
G381,秦皇岛站
G381,葫芦岛北站
G381,锦州南站
G381,盘锦北站
G381,沈阳北站
G381,开原西站
G381,长春西站
G381,哈尔滨西站
G382,哈尔滨西站
G382,长春西站
G382,昌图西站
G382,沈阳北站
G382,盘锦北站
G382,葫芦岛北站
G382,秦皇岛站
G382,唐山站
G382,滨海北站
G382,天津站
G382,北京南站
G385,大连北站
G385,盖州西站
G385,营口东站
G385,盘锦站
G385,锦州南站
G385,葫芦岛北站
G385,山海关站
G385,北戴河站
G385,唐山站
G385,滨海站
G385,天津站
G385,北京南站
G386,北京南站
G386,天津站
G386,军粮城北站
G386,唐山站
G386,北戴河站
G386,山海关站
G386,锦州南站
G386,盘锦站
G386,营口东站
G386,盖州西站
G386,大连北站
G387,北京南站
G387,天津站
G387,军粮城北站
G387,唐山站
G387,北戴河站
G387,山海关站
G387,锦州南站
G387,盘锦站
G387,营口东站
G387,盖州西站
G387,大连北站
G388,大连北站
G388,盖州西站
G388,营口东站
G388,盘锦站
G388,锦州南站
G388,葫芦岛北站
G388,山海关站
G388,北戴河站
G388,唐山站
G388,滨海站
G388,天津站
G388,北京南站
G389,大连北站
G389,鲅鱼圈站
G389,营口东站
G389,盘锦站
G389,葫芦岛北站
G389,山海关站
G389,秦皇岛站
G389,唐山站
G389,滨海站
G389,军粮城北站
G389,天津站
G389,天津西站
G389,沧州西站
G389,德州东站
G389,济南西站
G390,济南西站
G390,德州东站
G390,沧州西站
G390,天津西站
G390,天津站
G390,滨海站
G390,唐山站
G390,秦皇岛站
G390,山海关站
G390,锦州南站
G390,盘锦站
G390,营口东站
G390,鲅鱼圈站
G390,大连北站
G391,济南西站
G391,德州东站
G391,沧州西站
G391,天津西站
G391,天津站
G391,滨海站
G391,唐山站
G391,秦皇岛站
G391,山海关站
G391,锦州南站
G391,盘锦站
G391,营口东站
G391,鲅鱼圈站
G391,大连北站
G392,大连北站
G392,鲅鱼圈站
G392,营口东站
G392,盘锦站
G392,葫芦岛北站
G392,山海关站
G392,秦皇岛站
G392,唐山站
G392,滨海站
G392,军粮城北站
G392,天津站
G392,天津西站
G392,沧州西站
G392,德州东站
G392,济南西站
G501,北京西站
G501,定州东站
G501,石家庄站
G501,邢台东站
G501,鹤壁东站
G501,郑州东站
G501,许昌东站
G501,信阳东站
G501,武汉站
G501,咸宁北站
G501,汨罗东站
G501,长沙南站
G502,长沙南站
G502,岳阳东站
G502,赤壁北站
G502,咸宁北站
G502,武汉站
G502,郑州东站
G502,新乡东站
G502,邢台东站
G502,石家庄站
G502,保定东站
G502,北京西站
G503,北京西站
G503,保定东站
G503,石家庄站
G503,邯郸东站
G503,安阳东站
G503,新乡东站
G503,郑州东站
G503,漯河西站
G503,武汉站
G503,赤壁北站
G503,岳阳东站
G503,长沙南站
G504,长沙南站
G504,汨罗东站
G504,赤壁北站
G504,武汉站
G504,信阳东站
G504,漯河西站
G504,郑州东站
G504,安阳东站
G504,邢台东站
G504,石家庄站
G504,保定东站
G504,涿州东站
G504,北京西站
G505,北京西站
G505,保定东站
G505,正定机场站
G505,石家庄站
G505,邯郸东站
G505,鹤壁东站
G505,郑州东站
G505,驻马店西站
G505,孝感北站
G505,武汉站
G505,咸宁北站
G505,岳阳东站
G505,长沙南站
G506,长沙南站
G506,岳阳东站
G506,咸宁北站
G506,武汉站
G506,孝感北站
G506,漯河西站
G506,许昌东站
G506,郑州东站
G506,邯郸东站
G506,石家庄站
G506,保定东站
G506,北京西站
G507,北京西站
G507,定州东站
G507,石家庄站
G507,邯郸东站
G507,安阳东站
G507,鹤壁东站
G507,郑州东站
G507,许昌东站
G507,孝感北站
G507,武汉站
G508,武汉站
G508,信阳东站
G508,驻马店西站
G508,漯河西站
G508,郑州东站
G508,鹤壁东站
G508,邢台东站
G508,石家庄站
G508,北京西站
G509,北京西站
G509,保定东站
G509,定州东站
G509,石家庄站
G509,安阳东站
G509,郑州东站
G509,孝感北站
G509,汉口站
G511,北京西站
G511,高碑店东站
G511,石家庄站
G511,邢台东站
G511,新乡东站
G511,郑州东站
G511,漯河西站
G511,汉口站
G512,汉口站
G512,孝感北站
G512,郑州东站
G512,新乡东站
G512,鹤壁东站
G512,安阳东站
G512,邢台东站
G512,石家庄站
G512,定州东站
G512,北京西站
G513,北京西站
G513,涿州东站
G513,石家庄站
G513,高邑西站
G513,安阳东站
G513,鹤壁东站
G513,郑州东站
G513,驻马店西站
G513,信阳东站
G513,武汉站
G514,武汉站
G514,信阳东站
G514,驻马店西站
G514,漯河西站
G514,郑州东站
G514,鹤壁东站
G514,安阳东站
G514,邢台东站
G514,石家庄站
G514,保定东站
G514,北京西站
G516,汉口站
G516,信阳东站
G516,漯河西站
G516,郑州东站
G516,石家庄站
G516,保定东站
G516,高碑店东站
G516,北京西站
G517,北京西站
G517,保定东站
G517,石家庄站
G517,邯郸东站
G517,郑州东站
G517,许昌东站
G517,驻马店西站
G517,武汉站
G518,武汉站
G518,信阳东站
G518,郑州东站
G518,石家庄站
G518,涿州东站
G518,北京西站
G520,汉口站
G520,驻马店西站
G520,许昌东站
G520,郑州东站
G520,新乡东站
G520,邯郸东站
G520,石家庄站
G520,涿州东站
G520,北京西站
G521,北京西站
G521,高碑店东站
G521,石家庄站
G521,邯郸东站
G521,安阳东站
G521,新乡东站
G521,郑州东站
G521,许昌东站
G521,漯河西站
G521,信阳东站
G521,汉口站
G522,汉口站
G522,孝感北站
G522,郑州东站
G522,安阳东站
G522,高邑西站
G522,石家庄站
G522,高碑店东站
G522,北京西站
G523,北京西站
G523,保定东站
G523,石家庄站
G523,邯郸东站
G523,安阳东站
G523,新乡东站
G523,郑州东站
G523,漯河西站
G523,驻马店西站
G523,信阳东站
G523,武汉站
G524,武汉站
G524,信阳东站
G524,许昌东站
G524,郑州东站
G524,鹤壁东站
G524,安阳东站
G524,石家庄站
G524,定州东站
G524,保定东站
G524,北京西站
G525,北京西站
G525,保定东站
G525,石家庄站
G525,邢台东站
G525,安阳东站
G525,鹤壁东站
G525,新乡东站
G525,郑州东站
G525,许昌东站
G525,漯河西站
G525,驻马店西站
G525,信阳东站
G525,汉口站
G527,北京西站
G527,高碑店东站
G527,石家庄站
G527,邯郸东站
G527,鹤壁东站
G527,郑州东站
G527,许昌东站
G527,信阳东站
G527,武汉站
G528,武汉站
G528,信阳东站
G528,许昌东站
G528,郑州东站
G528,鹤壁东站
G528,邯郸东站
G528,邢台东站
G528,石家庄站
G528,定州东站
G528,高碑店东站
G528,北京西站
G529,北京西站
G529,石家庄站
G529,邢台东站
G529,安阳东站
G529,新乡东站
G529,郑州东站
G529,漯河西站
G529,驻马店西站
G529,武汉站
G529,咸宁北站
G529,岳阳东站
G529,长沙南站
G529,衡阳东站
G529,祁东站
G529,祁阳站
G529,永州站
G529,东安东站
G529,全州南站
G529,桂林站
G530,桂林站
G530,全州南站
G530,东安东站
G530,永州站
G530,祁阳站
G530,祁东站
G530,衡阳东站
G530,长沙南站
G530,咸宁北站
G530,武汉站
G530,信阳东站
G530,驻马店西站
G530,郑州东站
G530,鹤壁东站
G530,安阳东站
G530,石家庄站
G530,正定机场站
G530,保定东站
G530,北京西站
G531,石家庄站
G531,邢台东站
G531,邯郸东站
G531,安阳东站
G531,郑州东站
G531,驻马店西站
G531,信阳东站
G531,武汉站
G531,汨罗东站
G531,长沙南站
G531,衡阳东站
G531,郴州西站
G531,清远站
G531,广州南站
G532,广州南站
G532,清远站
G532,郴州西站
G532,衡阳东站
G532,长沙南站
G532,岳阳东站
G532,武汉站
G532,信阳东站
G532,漯河西站
G532,郑州东站
G532,新乡东站
G532,邢台东站
G532,石家庄站
G535,长沙南站
G535,衡阳东站
G535,祁阳站
G535,永州站
G535,全州南站
G535,桂林站
G536,桂林站
G536,全州南站
G536,永州站
G536,祁东站
G536,衡阳东站
G536,长沙南站
G537,长沙南站
G537,衡阳东站
G537,祁东站
G537,永州站
G537,东安东站
G537,桂林站
G538,桂林站
G538,东安东站
G538,永州站
G538,祁阳站
G538,衡阳东站
G538,长沙南站
G541,郑州东站
G541,漯河西站
G541,驻马店西站
G541,信阳东站
G541,武汉站
G541,咸宁北站
G541,长沙南站
G541,衡阳东站
G541,韶关站
G541,广州南站
G542,广州南站
G542,英德西站
G542,韶关站
G542,衡阳东站
G542,长沙南站
G542,汨罗东站
G542,咸宁北站
G542,武汉站
G542,信阳东站
G542,漯河西站
G542,郑州东站
G543,郑州东站
G543,许昌东站
G543,驻马店西站
G543,信阳东站
G543,武汉站
G543,岳阳东站
G543,汨罗东站
G543,长沙南站
G543,衡阳东站
G543,郴州西站
G543,清远站
G543,广州南站
G544,广州南站
G544,英德西站
G544,郴州西站
G544,衡阳东站
G544,株洲西站
G544,长沙南站
G544,咸宁北站
G544,武汉站
G544,信阳东站
G544,漯河西站
G544,郑州东站
G545,郑州东站
G545,漯河西站
G545,驻马店西站
G545,武汉站
G545,咸宁北站
G545,长沙南站
G545,衡阳东站
G545,郴州西站
G545,韶关站
G545,广州南站
G546,广州南站
G546,韶关站
G546,郴州西站
G546,衡山西站
G546,长沙南站
G546,岳阳东站
G546,武汉站
G546,明港东站
G546,驻马店西站
G546,许昌东站
G546,郑州站
G547,郑州东站
G547,许昌东站
G547,驻马店西站
G547,明港东站
G547,武汉站
G547,岳阳东站
G547,汨罗东站
G547,长沙南站
G547,衡阳东站
G547,郴州西站
G547,韶关站
G547,广州南站
G548,广州南站
G548,广州北站
G548,韶关站
G548,耒阳西站
G548,衡山西站
G548,长沙南站
G548,岳阳东站
G548,武汉站
G548,信阳东站
G548,漯河西站
G548,许昌东站
G548,郑州东站
G551,信阳东站
G551,孝感北站
G551,武汉站
G551,岳阳东站
G551,长沙南站
G551,衡阳东站
G551,郴州西站
G551,清远站
G551,广州南站
G552,广州南站
G552,韶关站
G552,郴州西站
G552,衡山西站
G552,长沙南站
G552,岳阳东站
G552,武汉站
G552,孝感北站
G552,信阳东站
G553,信阳东站
G553,孝感北站
G553,武汉站
G553,岳阳东站
G553,长沙南站
G553,衡山西站
G553,耒阳西站
G553,韶关站
G553,广州南站
G554,广州南站
G554,英德西站
G554,耒阳西站
G554,株洲西站
G554,长沙南站
G554,岳阳东站
G554,武汉站
G554,孝感北站
G554,信阳东站
G555,北京西站
G555,石家庄站
G555,郑州东站
G555,信阳东站
G555,武汉站
G555,汉口站
G555,天门南站
G555,潜江站
G555,荆州站
G555,宜昌东站
G556,宜昌东站
G556,荆州站
G556,潜江站
G556,天门南站
G556,汉口站
G556,武汉站
G556,孝感北站
G556,驻马店西站
G556,郑州东站
G556,鹤壁东站
G556,邯郸东站
G556,高邑西站
G556,正定机场站
G556,北京西站
G558,北京西站
G558,石家庄站
G558,郑州东站
G558,信阳东站
G558,武汉站
G558,汉口站
G558,天门南站
G558,潜江站
G558,荆州站
G558,宜昌东站
G559,北京西站
G559,保定东站
G559,定州东站
G559,石家庄站
G559,邯郸东站
G559,安阳东站
G559,鹤壁东站
G559,新乡东站
G559,郑州东站
G561,北京西站
G561,涿州东站
G561,保定东站
G561,定州东站
G561,石家庄站
G561,邯郸东站
G561,安阳东站
G561,鹤壁东站
G561,新乡东站
G561,郑州东站
G561,郑州站
G562,洛阳龙门站
G562,巩义南站
G562,郑州站
G562,郑州东站
G562,新乡东站
G562,安阳东站
G562,邯郸东站
G562,石家庄站
G562,保定东站
G562,北京西站
G563,北京西站
G563,高碑店东站
G563,保定东站
G563,石家庄站
G563,邯郸东站
G563,鹤壁东站
G563,郑州东站
G563,郑州站
G564,郑州站
G564,郑州东站
G564,新乡东站
G564,鹤壁东站
G564,安阳东站
G564,邯郸东站
G564,石家庄站
G564,保定东站
G564,高碑店东站
G564,北京西站
G565,北京西站
G565,保定东站
G565,定州东站
G565,石家庄站
G565,邢台东站
G565,安阳东站
G565,鹤壁东站
G565,新乡东站
G565,郑州东站
G566,郑州东站
G566,鹤壁东站
G566,邯郸东站
G566,石家庄站
G566,定州东站
G566,北京西站
G567,北京西站
G567,保定东站
G567,石家庄站
G567,邢台东站
G567,邯郸东站
G567,安阳东站
G567,新乡东站
G567,郑州东站
G568,郑州站
G568,郑州东站
G568,新乡东站
G568,鹤壁东站
G568,安阳东站
G568,石家庄站
G568,保定东站
G568,北京西站
G569,北京西站
G569,高碑店东站
G569,定州东站
G569,石家庄站
G569,邯郸东站
G569,安阳东站
G569,鹤壁东站
G569,新乡东站
G570,新乡东站
G570,鹤壁东站
G570,安阳东站
G570,邢台东站
G570,石家庄站
G570,定州东站
G570,北京西站
G571,北京西站
G571,保定东站
G571,石家庄站
G571,邯郸东站
G571,郑州东站
G571,驻马店西站
G571,信阳东站
G574,信阳东站
G574,漯河西站
G574,许昌东站
G574,郑州东站
G574,新乡东站
G574,鹤壁东站
G574,安阳东站
G574,邢台东站
G574,石家庄站
G574,定州东站
G574,保定东站
G574,北京西站
G575,长沙南站
G575,岳阳东站
G575,赤壁北站
G575,咸宁北站
G575,武汉站
G575,合肥站
G575,南京南站
G575,常州北站
G575,无锡东站
G575,苏州北站
G575,上海虹桥站
G576,上海虹桥站
G576,苏州北站
G576,无锡东站
G576,常州北站
G576,南京南站
G576,全椒站
G576,合肥站
G576,武汉站
G576,咸宁北站
G576,岳阳东站
G576,长沙南站
G577,上海虹桥站
G577,苏州北站
G577,无锡东站
G577,常州北站
G577,南京南站
G577,全椒站
G577,合肥站
G577,武汉站
G577,咸宁北站
G577,岳阳东站
G577,长沙南站
G578,长沙南站
G578,岳阳东站
G578,赤壁北站
G578,咸宁北站
G578,武汉站
G578,合肥站
G578,南京南站
G578,常州北站
G578,无锡东站
G578,苏州北站
G578,上海虹桥站
G579,南京南站
G579,肥东站
G579,合肥站
G579,六安站
G579,武汉站
G579,赤壁北站
G579,岳阳东站
G579,长沙南站
G580,长沙南站
G580,岳阳东站
G580,赤壁北站
G580,咸宁北站
G580,武汉站
G580,麻城北站
G580,金寨站
G580,六安站
G580,合肥站
G580,南京南站
G581,武汉站
G581,麻城北站
G581,金寨站
G581,六安站
G581,合肥站
G581,全椒站
G581,南京南站
G581,宜兴站
G581,长兴站
G581,湖州站
G581,杭州东站
G581,绍兴北站
G581,余姚北站
G581,宁波站
G582,宁波站
G582,上虞北站
G582,绍兴北站
G582,杭州东站
G582,湖州站
G582,长兴站
G582,宜兴站
G582,溧阳站
G582,南京南站
G582,全椒站
G582,肥东站
G582,合肥站
G582,六安站
G582,麻城北站
G582,武汉站
G583,宁波站
G583,上虞北站
G583,绍兴北站
G583,杭州东站
G583,湖州站
G583,长兴站
G583,宜兴站
G583,溧阳站
G583,南京南站
G583,全椒站
G583,肥东站
G583,合肥站
G583,六安站
G583,麻城北站
G583,武汉站
G584,武汉站
G584,麻城北站
G584,金寨站
G584,六安站
G584,合肥站
G584,全椒站
G584,南京南站
G584,宜兴站
G584,长兴站
G584,湖州站
G584,杭州东站
G584,绍兴北站
G584,余姚北站
G584,宁波站
G585,宜昌东站
G585,荆州站
G585,天门南站
G585,汉口站
G585,红安西站
G585,麻城北站
G585,金寨站
G585,六安站
G585,合肥站
G585,南京南站
G585,宜兴站
G585,湖州站
G585,杭州东站
G586,杭州东站
G586,湖州站
G586,宜兴站
G586,南京南站
G586,肥东站
G586,合肥站
G586,六安站
G586,麻城北站
G586,汉口站
G586,天门南站
G586,荆州站
G586,宜昌东站
G587,杭州东站
G587,湖州站
G587,宜兴站
G587,南京南站
G587,肥东站
G587,合肥站
G587,六安站
G587,麻城北站
G587,汉口站
G587,天门南站
G587,荆州站
G587,宜昌东站
G588,宜昌东站
G588,荆州站
G588,天门南站
G588,汉口站
G588,红安西站
G588,麻城北站
G588,金寨站
G588,六安站
G588,合肥站
G588,南京南站
G588,宜兴站
G588,湖州站
G588,杭州东站
G589,汉口站
G589,麻城北站
G589,六安站
G589,合肥站
G589,南京南站
G589,溧阳站
G589,宜兴站
G589,长兴站
G589,湖州站
G589,杭州东站
G589,绍兴北站
G589,宁波站
G590,宁波站
G590,上虞北站
G590,绍兴北站
G590,杭州东站
G590,湖州站
G590,长兴站
G590,溧水站
G590,南京南站
G590,合肥站
G590,六安站
G590,麻城北站
G590,武汉站
G591,宁波站
G591,上虞北站
G591,绍兴北站
G591,杭州东站
G591,湖州站
G591,长兴站
G591,溧水站
G591,南京南站
G591,合肥站
G591,六安站
G591,麻城北站
G591,武汉站
G592,汉口站
G592,麻城北站
G592,六安站
G592,合肥站
G592,南京南站
G592,溧阳站
G592,宜兴站
G592,长兴站
G592,湖州站
G592,杭州东站
G592,绍兴北站
G592,宁波站
G593,武汉站
G593,红安西站
G593,麻城北站
G593,六安站
G593,合肥站
G593,南京南站
G593,江宁站
G593,溧阳站
G593,宜兴站
G593,长兴站
G593,湖州站
G593,杭州东站
G594,杭州东站
G594,宜兴站
G594,溧阳站
G594,江宁站
G594,南京南站
G594,全椒站
G594,合肥站
G594,六安站
G594,麻城北站
G594,红安西站
G594,武汉站
G595,杭州东站
G595,宜兴站
G595,溧阳站
G595,江宁站
G595,南京南站
G595,全椒站
G595,合肥站
G595,六安站
G595,麻城北站
G595,红安西站
G595,武汉站
G596,武汉站
G596,红安西站
G596,麻城北站
G596,六安站
G596,合肥站
G596,南京南站
G596,江宁站
G596,溧阳站
G596,宜兴站
G596,长兴站
G596,湖州站
G596,杭州东站
G597,武汉站
G597,麻城北站
G597,六安站
G597,合肥站
G597,南京南站
G597,常州北站
G597,无锡东站
G597,苏州北站
G597,上海虹桥站
G598,上海虹桥站
G598,苏州北站
G598,常州北站
G598,南京南站
G598,合肥站
G598,六安站
G598,麻城北站
G598,汉口站
G599,上海虹桥站
G599,苏州北站
G599,常州北站
G599,南京南站
G599,合肥站
G599,六安站
G599,麻城北站
G599,汉口站
G600,武汉站
G600,麻城北站
G600,六安站
G600,合肥站
G600,南京南站
G600,常州北站
G600,无锡东站
G600,苏州北站
G600,上海虹桥站
G601,北京西站
G601,保定东站
G601,石家庄站
G601,阳泉北站
G601,太原站
G602,太原站
G602,阳泉北站
G602,石家庄站
G602,保定东站
G602,北京西站
G603,北京西站
G603,定州东站
G603,正定机场站
G603,石家庄站
G603,阳泉北站
G603,太原站
G604,太原站
G604,石家庄站
G604,保定东站
G604,北京西站
G605,北京西站
G605,涿州东站
G605,保定东站
G605,石家庄站
G605,阳泉北站
G605,太原站
G606,太原站
G606,阳泉北站
G606,石家庄站
G606,保定东站
G606,北京西站
G607,北京西站
G607,保定东站
G607,石家庄站
G607,阳泉北站
G607,太原站
G608,太原站
G608,阳泉北站
G608,石家庄站
G608,定州东站
G608,保定东站
G608,北京西站
G609,北京西站
G609,保定东站
G609,正定机场站
G609,石家庄站
G609,阳泉北站
G609,太原站
G610,太原站
G610,阳泉北站
G610,石家庄站
G610,保定东站
G610,北京西站
G611,北京西站
G611,高碑店东站
G611,保定东站
G611,石家庄站
G611,阳泉北站
G611,太原站
G612,太原站
G612,阳泉北站
G612,石家庄站
G612,保定东站
G612,北京西站
G613,北京西站
G613,保定东站
G613,石家庄站
G613,阳泉北站
G613,太原站
G614,太原站
G614,阳泉北站
G614,石家庄站
G614,保定东站
G614,北京西站
G615,北京西站
G615,涿州东站
G615,保定东站
G615,石家庄站
G615,阳泉北站
G615,太原站
G616,太原站
G616,阳泉北站
G616,石家庄站
G616,定州东站
G616,保定东站
G616,北京西站
G621,太原站
G621,阳泉北站
G621,石家庄站
G621,邯郸东站
G621,安阳东站
G621,鹤壁东站
G621,郑州东站
G621,漯河西站
G621,信阳东站
G621,武汉站
G621,岳阳东站
G621,长沙南站
G621,衡阳东站
G621,郴州西站
G621,韶关站
G621,广州南站
G622,广州南站
G622,韶关站
G622,郴州西站
G622,长沙南站
G622,岳阳东站
G622,武汉站
G622,信阳东站
G622,漯河西站
G622,郑州东站
G622,鹤壁东站
G622,邯郸东站
G622,石家庄站
G622,阳泉北站
G622,太原站
G623,广州南站
G623,韶关站
G623,郴州西站
G623,长沙南站
G623,岳阳东站
G623,武汉站
G623,信阳东站
G623,漯河西站
G623,郑州东站
G623,鹤壁东站
G623,邯郸东站
G623,石家庄站
G623,阳泉北站
G623,太原站
G624,太原站
G624,阳泉北站
G624,石家庄站
G624,邯郸东站
G624,安阳东站
G624,鹤壁东站
G624,郑州东站
G624,漯河西站
G624,信阳东站
G624,武汉站
G624,岳阳东站
G624,长沙南站
G624,衡阳东站
G624,郴州西站
G624,韶关站
G624,广州南站
G625,太原站
G625,阳泉北站
G625,石家庄站
G625,邯郸东站
G625,鹤壁东站
G625,新乡东站
G625,郑州东站
G626,郑州东站
G626,新乡东站
G626,鹤壁东站
G626,安阳东站
G626,高邑西站
G626,石家庄站
G626,阳泉北站
G626,太原站
G627,郑州东站
G627,新乡东站
G627,鹤壁东站
G627,安阳东站
G627,高邑西站
G627,石家庄站
G627,阳泉北站
G627,太原站
G628,太原站
G628,阳泉北站
G628,石家庄站
G628,邯郸东站
G628,鹤壁东站
G628,新乡东站
G628,郑州东站
G632,武汉站
G632,孝感北站
G632,驻马店西站
G632,许昌东站
G632,郑州东站
G632,安阳东站
G632,邯郸东站
G632,邢台东站
G632,石家庄站
G632,阳泉北站
G632,太原站
G633,武汉站
G633,孝感北站
G633,驻马店西站
G633,许昌东站
G633,郑州东站
G633,安阳东站
G633,邯郸东站
G633,邢台东站
G633,石家庄站
G633,阳泉北站
G633,太原站
G635,太原站
G635,阳泉北站
G635,石家庄站
G635,邯郸东站
G635,郑州东站
G635,驻马店西站
G635,信阳东站
G635,孝感北站
G635,武汉站
G638,太原站
G638,阳泉北站
G638,石家庄站
G638,邯郸东站
G638,郑州东站
G638,驻马店西站
G638,信阳东站
G638,孝感北站
G638,武汉站
G651,北京西站
G651,保定东站
G651,石家庄站
G651,邢台东站
G651,邯郸东站
G651,安阳东站
G651,郑州东站
G651,洛阳龙门站
G651,华山北站
G651,西安北站
G652,西安北站
G652,华山北站
G652,三门峡南站
G652,郑州东站
G652,鹤壁东站
G652,高邑西站
G652,石家庄站
G652,高碑店东站
G652,北京西站
G653,北京西站
G653,保定东站
G653,石家庄站
G653,鹤壁东站
G653,新乡东站
G653,郑州东站
G653,渑池南站
G653,灵宝西站
G653,渭南北站
G653,西安北站
G654,西安北站
G654,灵宝西站
G654,郑州东站
G654,石家庄站
G654,北京西站
G655,北京西站
G655,保定东站
G655,正定机场站
G655,石家庄站
G655,邯郸东站
G655,鹤壁东站
G655,郑州东站
G655,洛阳龙门站
G655,华山北站
G655,西安北站
G656,西安北站
G656,渭南北站
G656,洛阳龙门站
G656,郑州东站
G656,鹤壁东站
G656,邢台东站
G656,石家庄站
G656,保定东站
G656,北京西站
G659,北京西站
G659,保定东站
G659,石家庄站
G659,邢台东站
G659,鹤壁东站
G659,郑州东站
G659,洛阳龙门站
G659,西安北站
G660,西安北站
G660,华山北站
G660,三门峡南站
G660,洛阳龙门站
G660,郑州站
G660,郑州东站
G660,新乡东站
G660,安阳东站
G660,石家庄站
G660,正定机场站
G660,保定东站
G660,涿州东站
G660,北京西站
G661,北京西站
G661,高碑店东站
G661,保定东站
G661,定州东站
G661,石家庄站
G661,高邑西站
G661,邢台东站
G661,安阳东站
G661,新乡东站
G661,郑州东站
G661,郑州站
G661,洛阳龙门站
G661,三门峡南站
G661,渭南北站
G661,西安北站
G662,西安北站
G662,渭南北站
G662,渑池南站
G662,洛阳龙门站
G662,郑州东站
G662,鹤壁东站
G662,邢台东站
G662,石家庄站
G662,定州东站
G662,北京西站
G663,北京西站
G663,保定东站
G663,定州东站
G663,石家庄站
G663,邯郸东站
G663,鹤壁东站
G663,郑州东站
G663,洛阳龙门站
G663,三门峡南站
G663,华山北站
G663,西安北站
G664,西安北站
G664,华山北站
G664,三门峡南站
G664,洛阳龙门站
G664,郑州站
G664,郑州东站
G664,新乡东站
G664,邢台东站
G664,石家庄站
G664,保定东站
G664,北京西站
G665,北京西站
G665,涿州东站
G665,保定东站
G665,石家庄站
G665,邯郸东站
G665,安阳东站
G665,新乡东站
G665,郑州东站
G665,洛阳龙门站
G665,三门峡南站
G665,灵宝西站
G665,渭南北站
G665,西安北站
G666,西安北站
G666,渭南北站
G666,郑州东站
G666,新乡东站
G666,邯郸东站
G666,高邑西站
G666,石家庄站
G666,高碑店东站
G666,北京西站
G669,北京西站
G669,保定东站
G669,石家庄站
G669,邯郸东站
G669,安阳东站
G669,新乡东站
G669,郑州东站
G669,西安北站
G670,西安北站
G670,华山北站
G670,郑州东站
G670,新乡东站
G670,邯郸东站
G670,邢台东站
G670,石家庄站
G670,正定机场站
G670,北京西站
G671,北京西站
G671,保定东站
G671,石家庄站
G671,高邑西站
G671,邯郸东站
G671,安阳东站
G671,新乡东站
G671,郑州东站
G671,郑州站
G671,洛阳龙门站
G671,三门峡南站
G671,渭南北站
G671,西安北站
G671,杨陵南站
G671,岐山站
G671,宝鸡南站
G672,宝鸡南站
G672,岐山站
G672,杨陵南站
G672,西安北站
G672,华山北站
G672,三门峡南站
G672,洛阳龙门站
G672,郑州东站
G672,新乡东站
G672,鹤壁东站
G672,邯郸东站
G672,邢台东站
G672,石家庄站
G672,保定东站
G672,涿州东站
G672,北京西站
G673,北京西站
G673,保定东站
G673,石家庄站
G673,邢台东站
G673,邯郸东站
G673,安阳东站
G673,鹤壁东站
G673,郑州东站
G673,郑州站
G673,巩义南站
G673,华山北站
G673,西安北站
G673,咸阳秦都站
G673,杨陵南站
G673,宝鸡南站
G674,宝鸡南站
G674,杨陵南站
G674,咸阳秦都站
G674,西安北站
G674,渭南北站
G674,三门峡南站
G674,洛阳龙门站
G674,巩义南站
G674,郑州站
G674,郑州东站
G674,邯郸东站
G674,邢台东站
G674,石家庄站
G674,北京西站
G676,上海虹桥站
G676,苏州北站
G676,无锡东站
G676,常州北站
G676,南京南站
G676,全椒站
G676,合肥站
G676,六安站
G676,红安西站
G676,武汉站
G677,上海虹桥站
G677,苏州北站
G677,无锡东站
G677,常州北站
G677,南京南站
G677,全椒站
G677,合肥站
G677,六安站
G677,红安西站
G677,武汉站
G678,武汉站
G678,麻城北站
G678,合肥站
G678,南京南站
G678,镇江南站
G678,无锡东站
G678,苏州北站
G678,上海虹桥站
G680,武汉站
G680,孝感北站
G680,信阳东站
G718,上海虹桥站
G718,无锡东站
G718,常州北站
G718,镇江南站
G718,南京南站
G718,合肥站
G718,淮南东站
G726,合肥站
G726,南京南站
G726,镇江站
G726,常州站
G726,无锡站
G726,苏州站
G726,上海站
G756,上海虹桥站
G756,桐乡站
G756,杭州东站
G756,绍兴北站
G756,宁波站
G756,台州站
G756,温州南站
G759,宁波站
G759,庄桥站
G759,绍兴北站
G759,杭州东站
G759,嘉兴南站
G759,金山北站
G759,上海虹桥站
G759,昆山南站
G759,苏州北站
G759,无锡东站
G759,常州北站
G759,南京南站
G759,滁州站
G759,蚌埠南站
G759,徐州东站
G769,淮南东站
G769,合肥站
G769,肥东站
G769,南京南站
G769,溧阳站
G769,宜兴站
G769,长兴站
G769,湖州站
G769,德清站
G769,杭州东站
G817,西安北站
G817,渭南北站
G817,三门峡南站
G817,郑州东站
G817,驻马店西站
G817,信阳东站
G817,武汉站
G817,岳阳东站
G817,长沙南站
G817,郴州西站
G817,韶关站
G817,广州南站
G817,虎门站
G817,深圳北站
G818,深圳北站
G818,虎门站
G818,广州南站
G818,英德西站
G818,耒阳西站
G818,衡山西站
G818,长沙南站
G818,赤壁北站
G818,武汉站
G818,信阳东站
G818,漯河西站
G818,郑州站
G818,洛阳龙门站
G818,三门峡南站
G818,灵宝西站
G818,华山北站
G818,西安北站
G819,深圳北站
G819,虎门站
G819,广州南站
G819,英德西站
G819,耒阳西站
G819,衡山西站
G819,长沙南站
G819,赤壁北站
G819,武汉站
G819,信阳东站
G819,漯河西站
G819,郑州站
G819,洛阳龙门站
G819,三门峡南站
G819,灵宝西站
G819,华山北站
G819,西安北站
G820,西安北站
G820,渭南北站
G820,三门峡南站
G820,郑州东站
G820,驻马店西站
G820,信阳东站
G820,武汉站
G820,岳阳东站
G820,长沙南站
G820,郴州西站
G820,韶关站
G820,广州南站
G820,虎门站
G820,深圳北站
G821,西安北站
G821,华山北站
G821,灵宝西站
G821,洛阳龙门站
G821,郑州站
G821,漯河西站
G821,信阳东站
G821,武汉站
G821,岳阳东站
G821,长沙南站
G821,郴州西站
G821,韶关站
G821,广州南站
G821,虎门站
G821,深圳北站
G822,深圳北站
G822,虎门站
G822,广州南站
G822,韶关站
G822,郴州西站
G822,衡阳东站
G822,长沙南站
G822,岳阳东站
G822,武汉站
G822,信阳东站
G822,驻马店西站
G822,许昌东站
G822,郑州站
G822,洛阳龙门站
G822,三门峡南站
G822,华山北站
G822,西安北站
G823,深圳北站
G823,虎门站
G823,广州南站
G823,韶关站
G823,郴州西站
G823,衡阳东站
G823,长沙南站
G823,岳阳东站
G823,武汉站
G823,信阳东站
G823,驻马店西站
G823,许昌东站
G823,郑州站
G823,洛阳龙门站
G823,三门峡南站
G823,华山北站
G823,西安北站
G824,西安北站
G824,华山北站
G824,灵宝西站
G824,洛阳龙门站
G824,郑州站
G824,漯河西站
G824,信阳东站
G824,武汉站
G824,岳阳东站
G824,长沙南站
G824,郴州西站
G824,韶关站
G824,广州南站
G824,虎门站
G824,深圳北站
G825,西安北站
G825,渭南北站
G825,灵宝西站
G825,三门峡南站
G825,洛阳龙门站
G825,郑州站
G825,漯河西站
G825,驻马店西站
G825,武汉站
G825,咸宁北站
G825,长沙南站
G825,株洲西站
G825,郴州西站
G825,韶关站
G825,广州南站
G825,虎门站
G825,深圳北站
G826,深圳北站
G826,虎门站
G826,广州南站
G826,韶关站
G826,郴州西站
G826,衡山西站
G826,长沙南站
G826,岳阳东站
G826,武汉站
G826,信阳东站
G826,漯河西站
G826,许昌东站
G826,郑州东站
G826,洛阳龙门站
G826,渭南北站
G826,西安北站
G827,深圳北站
G827,虎门站
G827,广州南站
G827,韶关站
G827,郴州西站
G827,衡山西站
G827,长沙南站
G827,岳阳东站
G827,武汉站
G827,信阳东站
G827,漯河西站
G827,许昌东站
G827,郑州东站
G827,洛阳龙门站
G827,渭南北站
G827,西安北站
G828,西安北站
G828,渭南北站
G828,灵宝西站
G828,三门峡南站
G828,洛阳龙门站
G828,郑州站
G828,漯河西站
G828,驻马店西站
G828,武汉站
G828,咸宁北站
G828,长沙南站
G828,株洲西站
G828,郴州西站
G828,韶关站
G828,广州南站
G828,虎门站
G828,深圳北站
G831,西安北站
G831,渭南北站
G831,渑池南站
G831,洛阳龙门站
G831,郑州站
G831,许昌东站
G831,明港东站
G831,孝感北站
G831,武汉站
G831,赤壁北站
G831,长沙南站
G831,衡阳东站
G831,郴州西站
G831,韶关站
G831,广州南站
G832,广州南站
G832,清远站
G832,郴州西站
G832,衡阳东站
G832,长沙南站
G832,岳阳东站
G832,赤壁北站
G832,武汉站
G832,驻马店西站
G832,许昌东站
G832,郑州站
G832,洛阳龙门站
G832,华山北站
G832,渭南北站
G832,西安北站
G833,广州南站
G833,清远站
G833,郴州西站
G833,衡阳东站
G833,长沙南站
G833,岳阳东站
G833,赤壁北站
G833,武汉站
G833,驻马店西站
G833,许昌东站
G833,郑州站
G833,洛阳龙门站
G833,华山北站
G833,渭南北站
G833,西安北站
G834,西安北站
G834,渭南北站
G834,渑池南站
G834,洛阳龙门站
G834,郑州站
G834,许昌东站
G834,明港东站
G834,孝感北站
G834,武汉站
G834,赤壁北站
G834,长沙南站
G834,衡阳东站
G834,郴州西站
G834,韶关站
G834,广州南站
G835,西安北站
G835,华山北站
G835,灵宝西站
G835,三门峡南站
G835,洛阳龙门站
G835,郑州站
G835,信阳东站
G835,孝感北站
G835,武汉站
G835,岳阳东站
G835,长沙南站
G835,耒阳西站
G835,韶关站
G835,广州南站
G836,广州南站
G836,郴州西站
G836,耒阳西站
G836,株洲西站
G836,长沙南站
G836,岳阳东站
G836,武汉站
G836,信阳东站
G836,明港东站
G836,漯河西站
G836,郑州站
G836,洛阳龙门站
G836,渭南北站
G836,西安北站
G837,广州南站
G837,郴州西站
G837,耒阳西站
G837,株洲西站
G837,长沙南站
G837,岳阳东站
G837,武汉站
G837,信阳东站
G837,明港东站
G837,漯河西站
G837,郑州站
G837,洛阳龙门站
G837,渭南北站
G837,西安北站
G838,西安北站
G838,华山北站
G838,灵宝西站
G838,三门峡南站
G838,洛阳龙门站
G838,郑州站
G838,信阳东站
G838,孝感北站
G838,武汉站
G838,岳阳东站
G838,长沙南站
G838,耒阳西站
G838,韶关站
G838,广州南站
G839,西安北站
G839,渭南北站
G839,洛阳龙门站
G839,郑州站
G839,许昌东站
G839,驻马店西站
G839,武汉站
G839,赤壁北站
G839,汨罗东站
G839,长沙南站
G839,耒阳西站
G839,韶关站
G839,广州北站
G839,广州南站
G840,广州南站
G840,韶关站
G840,耒阳西站
G840,株洲西站
G840,长沙南站
G840,岳阳东站
G840,咸宁北站
G840,武汉站
G840,信阳东站
G840,驻马店西站
G840,郑州站
G840,洛阳龙门站
G840,三门峡南站
G840,灵宝西站
G840,渭南北站
G840,西安北站
G841,广州南站
G841,韶关站
G841,耒阳西站
G841,株洲西站
G841,长沙南站
G841,岳阳东站
G841,咸宁北站
G841,武汉站
G841,信阳东站
G841,驻马店西站
G841,郑州站
G841,洛阳龙门站
G841,三门峡南站
G841,灵宝西站
G841,渭南北站
G841,西安北站
G842,西安北站
G842,渭南北站
G842,洛阳龙门站
G842,郑州站
G842,许昌东站
G842,驻马店西站
G842,武汉站
G842,赤壁北站
G842,汨罗东站
G842,长沙南站
G842,耒阳西站
G842,韶关站
G842,广州北站
G842,广州南站
G851,西安北站
G851,华山北站
G851,三门峡南站
G851,巩义南站
G851,郑州东站
G851,许昌东站
G851,驻马店西站
G851,信阳东站
G851,武汉站
G851,咸宁北站
G851,岳阳东站
G851,汨罗东站
G851,长沙南站
G852,长沙南站
G852,汨罗东站
G852,岳阳东站
G852,武汉站
G852,信阳东站
G852,驻马店西站
G852,郑州东站
G852,洛阳龙门站
G852,灵宝西站
G852,华山北站
G852,渭南北站
G852,西安北站
G853,长沙南站
G853,汨罗东站
G853,岳阳东站
G853,武汉站
G853,信阳东站
G853,驻马店西站
G853,郑州东站
G853,洛阳龙门站
G853,灵宝西站
G853,华山北站
G853,渭南北站
G853,西安北站
G854,西安北站
G854,华山北站
G854,三门峡南站
G854,巩义南站
G854,郑州东站
G854,许昌东站
G854,驻马店西站
G854,信阳东站
G854,武汉站
G854,咸宁北站
G854,岳阳东站
G854,汨罗东站
G854,长沙南站
G855,西安北站
G855,渭南北站
G855,三门峡南站
G855,洛阳龙门站
G855,郑州站
G855,许昌东站
G855,信阳东站
G855,武汉站
G856,武汉站
G856,孝感北站
G856,信阳东站
G856,漯河西站
G856,许昌东站
G856,郑州站
G856,洛阳龙门站
G856,三门峡南站
G856,渭南北站
G856,西安北站
G857,武汉站
G857,孝感北站
G857,信阳东站
G857,漯河西站
G857,许昌东站
G857,郑州站
G857,洛阳龙门站
G857,三门峡南站
G857,渭南北站
G857,西安北站
G858,西安北站
G858,渭南北站
G858,三门峡南站
G858,洛阳龙门站
G858,郑州站
G858,许昌东站
G858,信阳东站
G858,武汉站
G1001,武汉站
G1001,咸宁北站
G1001,长沙南站
G1001,株洲西站
G1001,郴州西站
G1001,韶关站
G1001,广州南站
G1001,虎门站
G1001,深圳北站
G1002,深圳北站
G1002,广州南站
G1002,韶关站
G1002,衡阳东站
G1002,长沙南站
G1002,赤壁北站
G1002,咸宁北站
G1002,武汉站
G1003,武汉站
G1003,咸宁北站
G1003,岳阳东站
G1003,长沙南站
G1003,衡阳东站
G1003,郴州西站
G1003,英德西站
G1003,广州南站
G1003,虎门站
G1003,深圳北站
G1005,武汉站
G1005,赤壁北站
G1005,汨罗东站
G1005,长沙南站
G1005,耒阳西站
G1005,韶关站
G1005,广州北站
G1005,广州南站
G1005,虎门站
G1005,深圳北站
G1006,深圳北站
G1006,虎门站
G1006,广州南站
G1006,广州北站
G1006,韶关站
G1006,衡阳东站
G1006,长沙南站
G1006,岳阳东站
G1006,武汉站
G1007,武汉站
G1007,咸宁北站
G1007,岳阳东站
G1007,长沙南站
G1007,衡山西站
G1007,郴州西站
G1007,清远站
G1007,广州南站
G1007,虎门站
G1007,深圳北站
G1008,深圳北站
G1008,虎门站
G1008,广州南站
G1008,韶关站
G1008,郴州西站
G1008,衡山西站
G1008,长沙南站
G1008,岳阳东站
G1008,武汉站
G1009,武汉站
G1009,咸宁北站
G1009,岳阳东站
G1009,长沙南站
G1009,衡山西站
G1009,耒阳西站
G1009,韶关站
G1009,广州南站
G1009,虎门站
G1009,深圳北站
G1010,深圳北站
G1010,虎门站
G1010,广州南站
G1010,韶关站
G1010,耒阳西站
G1010,株洲西站
G1010,长沙南站
G1010,岳阳东站
G1010,咸宁北站
G1010,武汉站
G1011,武汉站
G1011,岳阳东站
G1011,长沙南站
G1011,衡山西站
G1011,耒阳西站
G1011,韶关站
G1011,广州南站
G1011,虎门站
G1011,深圳北站
G1012,深圳北站
G1012,虎门站
G1012,广州南站
G1012,清远站
G1012,韶关站
G1012,郴州西站
G1012,衡阳东站
G1012,株洲西站
G1012,长沙南站
G1012,岳阳东站
G1012,武汉站
G1013,武汉站
G1013,咸宁北站
G1013,汨罗东站
G1013,长沙南站
G1013,衡山西站
G1013,郴州西站
G1013,英德西站
G1013,广州南站
G1013,虎门站
G1013,深圳北站
G1015,武汉站
G1015,咸宁北站
G1015,岳阳东站
G1015,长沙南站
G1015,株洲西站
G1015,郴州西站
G1015,清远站
G1015,广州南站
G1015,虎门站
G1015,深圳北站
G1016,深圳北站
G1016,虎门站
G1016,广州南站
G1016,韶关站
G1016,郴州西站
G1016,株洲西站
G1016,长沙南站
G1016,岳阳东站
G1016,武汉站
G1021,宜昌东站
G1021,荆州站
G1021,潜江站
G1021,汉口站
G1021,武汉站
G1021,咸宁北站
G1021,赤壁北站
G1021,长沙南站
G1021,株洲西站
G1021,郴州西站
G1021,韶关站
G1021,英德西站
G1021,广州南站
G1021,虎门站
G1021,光明城站
G1021,深圳北站
G1022,深圳北站
G1022,虎门站
G1022,广州南站
G1022,韶关站
G1022,郴州西站
G1022,衡阳东站
G1022,长沙南站
G1022,岳阳东站
G1022,咸宁北站
G1022,武汉站
G1022,汉口站
G1022,潜江站
G1022,荆州站
G1022,宜昌东站
G1023,深圳北站
G1023,虎门站
G1023,广州南站
G1023,韶关站
G1023,郴州西站
G1023,衡阳东站
G1023,长沙南站
G1023,岳阳东站
G1023,咸宁北站
G1023,武汉站
G1023,汉口站
G1023,潜江站
G1023,荆州站
G1023,宜昌东站
G1024,宜昌东站
G1024,荆州站
G1024,潜江站
G1024,汉口站
G1024,武汉站
G1024,咸宁北站
G1024,赤壁北站
G1024,长沙南站
G1024,株洲西站
G1024,郴州西站
G1024,韶关站
G1024,英德西站
G1024,广州南站
G1024,虎门站
G1024,光明城站
G1024,深圳北站
G1105,武汉站
G1105,咸宁北站
G1105,岳阳东站
G1105,长沙南站
G1105,株洲西站
G1105,衡阳东站
G1105,耒阳西站
G1105,清远站
G1105,广州南站
G1107,武汉站
G1107,岳阳东站
G1107,长沙南站
G1107,衡阳东站
G1107,郴州西站
G1107,广州北站
G1107,广州南站
G1109,武汉站
G1109,咸宁北站
G1109,长沙南站
G1109,衡阳东站
G1109,韶关站
G1109,广州南站
G1110,广州南站
G1110,广州北站
G1110,郴州西站
G1110,株洲西站
G1110,长沙南站
G1110,岳阳东站
G1110,赤壁北站
G1110,武汉站
G1111,武汉站
G1111,赤壁北站
G1111,岳阳东站
G1111,长沙南站
G1111,衡阳东站
G1111,韶关站
G1111,清远站
G1111,广州南站
G1114,广州南站
G1114,韶关站
G1114,耒阳西站
G1114,长沙南站
G1114,汨罗东站
G1114,赤壁北站
G1114,武汉站
G1115,武汉站
G1115,咸宁北站
G1115,岳阳东站
G1115,长沙南站
G1115,株洲西站
G1115,衡阳东站
G1115,郴州西站
G1115,广州北站
G1115,广州南站
G1116,广州南站
G1116,韶关站
G1116,耒阳西站
G1116,株洲西站
G1116,长沙南站
G1116,咸宁北站
G1116,武汉站
G1117,武汉站
G1117,咸宁北站
G1117,汨罗东站
G1117,长沙南站
G1117,衡山西站
G1117,郴州西站
G1117,韶关站
G1117,广州南站
G1118,广州南站
G1118,广州北站
G1118,郴州西站
G1118,株洲西站
G1118,长沙南站
G1118,汨罗东站
G1118,武汉站
G1119,武汉站
G1119,赤壁北站
G1119,长沙南站
G1119,株洲西站
G1119,耒阳西站
G1119,韶关站
G1119,清远站
G1119,广州南站
G1120,广州南站
G1120,英德西站
G1120,韶关站
G1120,衡阳东站
G1120,长沙南站
G1120,岳阳东站
G1120,咸宁北站
G1120,武汉站
G1123,武汉站
G1123,咸宁北站
G1123,岳阳东站
G1123,汨罗东站
G1123,长沙南站
G1123,衡阳东站
G1123,郴州西站
G1123,广州北站
G1123,广州南站
G1124,广州南站
G1124,广州北站
G1124,韶关站
G1124,衡阳东站
G1124,长沙南站
G1124,岳阳东站
G1124,武汉站
G1125,武汉站
G1125,咸宁北站
G1125,岳阳东站
G1125,长沙南站
G1125,株洲西站
G1125,郴州西站
G1125,英德西站
G1125,广州南站
G1126,广州南站
G1126,广州北站
G1126,韶关站
G1126,衡阳东站
G1126,长沙南站
G1126,岳阳东站
G1126,武汉站
G1128,广州南站
G1128,韶关站
G1128,郴州西站
G1128,衡阳东站
G1128,长沙南站
G1128,汨罗东站
G1128,赤壁北站
G1128,武汉站
G1129,武汉站
G1129,岳阳东站
G1129,长沙南站
G1129,衡阳东站
G1129,耒阳西站
G1129,韶关站
G1129,广州北站
G1129,广州南站
G1130,广州南站
G1130,韶关站
G1130,耒阳西站
G1130,长沙南站
G1130,岳阳东站
G1130,咸宁北站
G1130,武汉站
G1131,武汉站
G1131,赤壁北站
G1131,岳阳东站
G1131,长沙南站
G1131,株洲西站
G1131,衡阳东站
G1131,广州北站
G1131,广州南站
G1133,武汉站
G1133,咸宁北站
G1133,赤壁北站
G1133,长沙南站
G1133,衡阳东站
G1133,郴州西站
G1133,韶关站
G1133,广州南站
G1135,武汉站
G1135,咸宁北站
G1135,赤壁北站
G1135,长沙南站
G1135,株洲西站
G1135,衡阳东站
G1135,韶关站
G1135,广州南站
G1136,广州南站
G1136,韶关站
G1136,耒阳西站
G1136,衡阳东站
G1136,株洲西站
G1136,长沙南站
G1136,汨罗东站
G1136,岳阳东站
G1136,咸宁北站
G1136,武汉站
G1137,武汉站
G1137,赤壁北站
G1137,长沙南站
G1137,衡山西站
G1137,郴州西站
G1137,韶关站
G1137,清远站
G1137,广州南站
G1138,广州南站
G1138,广州北站
G1138,韶关站
G1138,衡阳东站
G1138,株洲西站
G1138,长沙南站
G1138,汨罗东站
G1138,岳阳东站
G1138,武汉站
G1139,武汉站
G1139,岳阳东站
G1139,长沙南站
G1139,衡阳东站
G1139,韶关站
G1139,英德西站
G1139,广州南站
G1141,武汉站
G1141,岳阳东站
G1141,长沙南站
G1141,株洲西站
G1141,衡阳东站
G1141,韶关站
G1141,广州南站
G1142,广州南站
G1142,韶关站
G1142,郴州西站
G1142,衡阳东站
G1142,长沙南站
G1142,岳阳东站
G1142,赤壁北站
G1142,武汉站
G1144,广州南站
G1144,广州北站
G1144,韶关站
G1144,耒阳西站
G1144,衡山西站
G1144,长沙南站
G1144,岳阳东站
G1144,咸宁北站
G1144,武汉站
G1145,武汉站
G1145,咸宁北站
G1145,岳阳东站
G1145,长沙南站
G1145,株洲西站
G1145,郴州西站
G1145,韶关站
G1145,广州南站
G1146,广州南站
G1146,韶关站
G1146,郴州西站
G1146,衡阳东站
G1146,长沙南站
G1146,汨罗东站
G1146,咸宁北站
G1146,武汉站
G1147,武汉站
G1147,咸宁北站
G1147,岳阳东站
G1147,汨罗东站
G1147,长沙南站
G1147,衡阳东站
G1147,郴州西站
G1147,广州北站
G1147,广州南站
G1149,武汉站
G1149,赤壁北站
G1149,岳阳东站
G1149,长沙南站
G1149,株洲西站
G1149,衡阳东站
G1149,郴州西站
G1149,广州南站
G1150,广州南站
G1150,韶关站
G1150,郴州西站
G1150,衡阳东站
G1150,长沙南站
G1150,岳阳东站
G1150,咸宁北站
G1150,武汉站
G1151,武汉站
G1151,咸宁北站
G1151,汨罗东站
G1151,长沙南站
G1151,衡山西站
G1151,郴州西站
G1151,韶关站
G1151,广州南站
G1152,广州南站
G1152,广州北站
G1152,韶关站
G1152,耒阳西站
G1152,衡山西站
G1152,长沙南站
G1152,汨罗东站
G1152,岳阳东站
G1152,武汉站
G1153,武汉站
G1153,咸宁北站
G1153,岳阳东站
G1153,长沙南站
G1153,衡阳东站
G1153,耒阳西站
G1153,韶关站
G1153,广州南站
G1154,广州南站
G1154,韶关站
G1154,郴州西站
G1154,衡阳东站
G1154,株洲西站
G1154,长沙南站
G1154,岳阳东站
G1154,咸宁北站
G1154,武汉站
G1156,广州南站
G1156,清远站
G1156,韶关站
G1156,耒阳西站
G1156,衡山西站
G1156,长沙南站
G1156,汨罗东站
G1156,武汉站
G1158,广州南站
G1158,韶关站
G1158,郴州西站
G1158,衡阳东站
G1158,长沙南站
G1158,岳阳东站
G1158,武汉站
G1159,武汉站
G1159,咸宁北站
G1159,赤壁北站
G1159,岳阳东站
G1159,长沙南站
G1159,衡阳东站
G1159,郴州西站
G1159,广州南站
G1201,上海虹桥站
G1201,苏州北站
G1201,无锡东站
G1201,常州北站
G1201,南京南站
G1201,蚌埠南站
G1201,徐州东站
G1201,泰安站
G1201,济南西站
G1201,天津西站
G1201,天津站
G1201,滨海北站
G1201,唐山站
G1201,滦河站
G1201,北戴河站
G1201,秦皇岛站
G1201,锦州南站
G1201,沈阳北站
G1201,铁岭西站
G1201,公主岭南站
G1201,长春西站
G1201,德惠西站
G1201,哈尔滨西站
G1202,哈尔滨西站
G1202,德惠西站
G1202,长春西站
G1202,公主岭南站
G1202,铁岭西站
G1202,沈阳北站
G1202,盘锦北站
G1202,锦州南站
G1202,北戴河站
G1202,唐山站
G1202,军粮城北站
G1202,天津站
G1202,天津西站
G1202,沧州西站
G1202,德州东站
G1202,济南西站
G1202,曲阜东站
G1202,枣庄站
G1202,徐州东站
G1202,南京南站
G1202,常州北站
G1202,无锡东站
G1202,苏州北站
G1202,上海虹桥站
G1203,哈尔滨西站
G1203,德惠西站
G1203,长春西站
G1203,公主岭南站
G1203,铁岭西站
G1203,沈阳北站
G1203,盘锦北站
G1203,锦州南站
G1203,北戴河站
G1203,唐山站
G1203,军粮城北站
G1203,天津站
G1203,天津西站
G1203,沧州西站
G1203,德州东站
G1203,济南西站
G1203,曲阜东站
G1203,枣庄站
G1203,徐州东站
G1203,南京南站
G1203,常州北站
G1203,无锡东站
G1203,苏州北站
G1203,上海虹桥站
G1204,上海虹桥站
G1204,苏州北站
G1204,无锡东站
G1204,常州北站
G1204,南京南站
G1204,蚌埠南站
G1204,徐州东站
G1204,泰安站
G1204,济南西站
G1204,天津西站
G1204,天津站
G1204,滨海北站
G1204,唐山站
G1204,滦河站
G1204,北戴河站
G1204,秦皇岛站
G1204,锦州南站
G1204,沈阳北站
G1204,铁岭西站
G1204,公主岭南站
G1204,长春西站
G1204,德惠西站
G1204,哈尔滨西站
G1205,青岛北站
G1205,高密站
G1205,潍坊站
G1205,淄博站
G1205,济南站
G1205,济南西站
G1205,德州东站
G1205,天津西站
G1205,天津站
G1205,滨海北站
G1205,唐山站
G1205,秦皇岛站
G1205,绥中北站
G1205,沈阳北站
G1205,铁岭西站
G1205,昌图西站
G1205,长春西站
G1205,扶余北站
G1205,哈尔滨西站
G1206,哈尔滨西站
G1206,扶余北站
G1206,长春西站
G1206,四平东站
G1206,沈阳北站
G1206,绥中北站
G1206,秦皇岛站
G1206,滦河站
G1206,唐山站
G1206,天津站
G1206,天津西站
G1206,沧州西站
G1206,德州东站
G1206,济南西站
G1206,济南站
G1206,淄博站
G1206,潍坊站
G1206,高密站
G1206,青岛北站
G1207,哈尔滨西站
G1207,扶余北站
G1207,长春西站
G1207,四平东站
G1207,沈阳北站
G1207,绥中北站
G1207,秦皇岛站
G1207,滦河站
G1207,唐山站
G1207,天津站
G1207,天津西站
G1207,沧州西站
G1207,德州东站
G1207,济南西站
G1207,济南站
G1207,淄博站
G1207,潍坊站
G1207,高密站
G1207,青岛北站
G1208,青岛北站
G1208,高密站
G1208,潍坊站
G1208,淄博站
G1208,济南站
G1208,济南西站
G1208,德州东站
G1208,天津西站
G1208,天津站
G1208,滨海北站
G1208,唐山站
G1208,秦皇岛站
G1208,绥中北站
G1208,沈阳北站
G1208,铁岭西站
G1208,昌图西站
G1208,长春西站
G1208,扶余北站
G1208,哈尔滨西站
G1211,上海虹桥站
G1211,昆山南站
G1211,苏州北站
G1211,镇江南站
G1211,南京南站
G1211,宿州东站
G1211,徐州东站
G1211,枣庄站
G1211,泰安站
G1211,济南西站
G1211,沧州西站
G1211,天津西站
G1211,天津站
G1211,唐山站
G1211,秦皇岛站
G1211,山海关站
G1211,葫芦岛北站
G1211,盘锦北站
G1211,沈阳北站
G1211,四平东站
G1211,长春站
G1212,长春站
G1212,四平东站
G1212,沈阳北站
G1212,台安站
G1212,葫芦岛北站
G1212,山海关站
G1212,北戴河站
G1212,唐山站
G1212,滨海北站
G1212,天津站
G1212,天津西站
G1212,济南西站
G1212,泰安站
G1212,徐州东站
G1212,蚌埠南站
G1212,南京南站
G1212,常州北站
G1212,无锡东站
G1212,苏州北站
G1212,上海虹桥站
G1213,长春站
G1213,四平东站
G1213,沈阳北站
G1213,台安站
G1213,葫芦岛北站
G1213,山海关站
G1213,北戴河站
G1213,唐山站
G1213,滨海北站
G1213,天津站
G1213,天津西站
G1213,济南西站
G1213,泰安站
G1213,徐州东站
G1213,蚌埠南站
G1213,南京南站
G1213,常州北站
G1213,无锡东站
G1213,苏州北站
G1213,上海虹桥站
G1214,上海虹桥站
G1214,昆山南站
G1214,苏州北站
G1214,镇江南站
G1214,南京南站
G1214,宿州东站
G1214,徐州东站
G1214,枣庄站
G1214,泰安站
G1214,济南西站
G1214,沧州西站
G1214,天津西站
G1214,天津站
G1214,唐山站
G1214,秦皇岛站
G1214,山海关站
G1214,葫芦岛北站
G1214,盘锦北站
G1214,沈阳北站
G1214,四平东站
G1214,长春站
G1221,宁波站
G1221,绍兴北站
G1221,杭州东站
G1221,湖州站
G1221,宜兴站
G1221,溧阳站
G1221,南京南站
G1221,定远站
G1221,徐州东站
G1221,枣庄站
G1221,曲阜东站
G1221,济南西站
G1221,沧州西站
G1221,天津西站
G1221,天津站
G1221,唐山站
G1221,滦河站
G1221,北戴河站
G1221,秦皇岛站
G1221,山海关站
G1221,葫芦岛北站
G1221,锦州南站
G1221,盘锦北站
G1221,沈阳北站
G1222,沈阳北站
G1222,盘锦北站
G1222,锦州南站
G1222,葫芦岛北站
G1222,山海关站
G1222,秦皇岛站
G1222,唐山站
G1222,滨海北站
G1222,天津站
G1222,天津西站
G1222,济南西站
G1222,曲阜东站
G1222,徐州东站
G1222,南京南站
G1222,溧阳站
G1222,宜兴站
G1222,湖州站
G1222,杭州东站
G1222,绍兴北站
G1222,宁波站
G1223,沈阳北站
G1223,盘锦北站
G1223,锦州南站
G1223,葫芦岛北站
G1223,山海关站
G1223,秦皇岛站
G1223,唐山站
G1223,滨海北站
G1223,天津站
G1223,天津西站
G1223,济南西站
G1223,曲阜东站
G1223,徐州东站
G1223,南京南站
G1223,溧阳站
G1223,宜兴站
G1223,湖州站
G1223,杭州东站
G1223,绍兴北站
G1223,宁波站
G1224,宁波站
G1224,绍兴北站
G1224,杭州东站
G1224,湖州站
G1224,宜兴站
G1224,溧阳站
G1224,南京南站
G1224,定远站
G1224,徐州东站
G1224,枣庄站
G1224,曲阜东站
G1224,济南西站
G1224,沧州西站
G1224,天津西站
G1224,天津站
G1224,唐山站
G1224,滦河站
G1224,北戴河站
G1224,秦皇岛站
G1224,山海关站
G1224,葫芦岛北站
G1224,锦州南站
G1224,盘锦北站
G1224,沈阳北站
G1225,上海虹桥站
G1225,苏州北站
G1225,无锡东站
G1225,丹阳北站
G1225,南京南站
G1225,滁州站
G1225,宿州东站
G1225,徐州东站
G1225,曲阜东站
G1225,济南西站
G1225,沧州西站
G1225,天津西站
G1225,天津站
G1225,军粮城北站
G1225,唐山站
G1225,秦皇岛站
G1225,山海关站
G1225,锦州南站
G1225,盘锦站
G1225,海城西站
G1225,鞍山西站
G1225,辽阳站
G1225,沈阳北站
G1226,沈阳北站
G1226,沈阳站
G1226,辽阳站
G1226,鞍山西站
G1226,海城西站
G1226,盘锦站
G1226,山海关站
G1226,秦皇岛站
G1226,唐山站
G1226,天津站
G1226,天津西站
G1226,沧州西站
G1226,济南西站
G1226,滕州东站
G1226,徐州东站
G1226,定远站
G1226,南京南站
G1226,常州北站
G1226,苏州北站
G1226,上海虹桥站
G1227,沈阳北站
G1227,沈阳站
G1227,辽阳站
G1227,鞍山西站
G1227,海城西站
G1227,盘锦站
G1227,山海关站
G1227,秦皇岛站
G1227,唐山站
G1227,天津站
G1227,天津西站
G1227,沧州西站
G1227,济南西站
G1227,滕州东站
G1227,徐州东站
G1227,定远站
G1227,南京南站
G1227,常州北站
G1227,苏州北站
G1227,上海虹桥站
G1228,上海虹桥站
G1228,苏州北站
G1228,无锡东站
G1228,丹阳北站
G1228,南京南站
G1228,滁州站
G1228,宿州东站
G1228,徐州东站
G1228,曲阜东站
G1228,济南西站
G1228,沧州西站
G1228,天津西站
G1228,天津站
G1228,军粮城北站
G1228,唐山站
G1228,秦皇岛站
G1228,山海关站
G1228,锦州南站
G1228,盘锦站
G1228,海城西站
G1228,鞍山西站
G1228,辽阳站
G1228,沈阳北站
G1229,上海虹桥站
G1229,苏州北站
G1229,常州北站
G1229,南京南站
G1229,宿州东站
G1229,徐州东站
G1229,滕州东站
G1229,济南西站
G1229,沧州西站
G1229,天津西站
G1229,天津站
G1229,滨海站
G1229,秦皇岛站
G1229,山海关站
G1229,葫芦岛北站
G1229,台安站
G1229,沈阳北站
G1230,沈阳北站
G1230,盘锦北站
G1230,葫芦岛北站
G1230,山海关站
G1230,北戴河站
G1230,滨海站
G1230,天津站
G1230,天津西站
G1230,德州东站
G1230,济南西站
G1230,枣庄站
G1230,徐州东站
G1230,南京南站
G1230,常州北站
G1230,苏州北站
G1230,上海虹桥站
G1231,沈阳北站
G1231,盘锦北站
G1231,葫芦岛北站
G1231,山海关站
G1231,北戴河站
G1231,滨海站
G1231,天津站
G1231,天津西站
G1231,德州东站
G1231,济南西站
G1231,枣庄站
G1231,徐州东站
G1231,南京南站
G1231,常州北站
G1231,苏州北站
G1231,上海虹桥站
G1232,上海虹桥站
G1232,苏州北站
G1232,常州北站
G1232,南京南站
G1232,宿州东站
G1232,徐州东站
G1232,滕州东站
G1232,济南西站
G1232,沧州西站
G1232,天津西站
G1232,天津站
G1232,滨海站
G1232,秦皇岛站
G1232,山海关站
G1232,葫芦岛北站
G1232,台安站
G1232,沈阳北站
G1241,济南西站
G1241,沧州西站
G1241,天津西站
G1241,天津站
G1241,北戴河站
G1241,秦皇岛站
G1241,山海关站
G1241,绥中北站
G1241,台安站
G1241,沈阳北站
G1242,沈阳北站
G1242,辽中站
G1242,台安站
G1242,盘锦北站
G1242,锦州南站
G1242,葫芦岛北站
G1242,山海关站
G1242,秦皇岛站
G1242,唐山站
G1242,滨海北站
G1242,天津站
G1242,天津西站
G1242,沧州西站
G1242,济南西站
G1243,沈阳北站
G1243,辽中站
G1243,台安站
G1243,盘锦北站
G1243,锦州南站
G1243,葫芦岛北站
G1243,山海关站
G1243,秦皇岛站
G1243,唐山站
G1243,滨海北站
G1243,天津站
G1243,天津西站
G1243,沧州西站
G1243,济南西站
G1244,济南西站
G1244,沧州西站
G1244,天津西站
G1244,天津站
G1244,北戴河站
G1244,秦皇岛站
G1244,山海关站
G1244,绥中北站
G1244,台安站
G1244,沈阳北站
G1245,青岛北站
G1245,潍坊站
G1245,淄博站
G1245,济南站
G1245,济南西站
G1245,沧州西站
G1245,天津西站
G1245,天津站
G1245,滨海站
G1245,滦河站
G1245,北戴河站
G1245,山海关站
G1245,葫芦岛北站
G1245,盘锦北站
G1245,沈阳北站
G1246,沈阳北站
G1246,盘锦北站
G1246,葫芦岛北站
G1246,山海关站
G1246,北戴河站
G1246,滦河站
G1246,唐山站
G1246,滨海站
G1246,天津站
G1246,天津西站
G1246,德州东站
G1246,济南站
G1246,淄博站
G1246,青州市站
G1246,潍坊站
G1246,青岛北站
G1247,沈阳北站
G1247,盘锦北站
G1247,葫芦岛北站
G1247,山海关站
G1247,北戴河站
G1247,滦河站
G1247,唐山站
G1247,滨海站
G1247,天津站
G1247,天津西站
G1247,德州东站
G1247,济南站
G1247,淄博站
G1247,青州市站
G1247,潍坊站
G1247,青岛北站
G1248,青岛北站
G1248,潍坊站
G1248,淄博站
G1248,济南站
G1248,济南西站
G1248,沧州西站
G1248,天津西站
G1248,天津站
G1248,滨海站
G1248,滦河站
G1248,北戴河站
G1248,山海关站
G1248,葫芦岛北站
G1248,盘锦北站
G1248,沈阳北站
G1251,大连站
G1251,营口东站
G1251,盘锦站
G1251,锦州南站
G1251,绥中北站
G1251,山海关站
G1251,唐山站
G1251,滨海站
G1251,天津站
G1251,天津西站
G1251,德州东站
G1251,济南西站
G1251,泰安站
G1251,徐州东站
G1251,滁州站
G1251,南京南站
G1251,镇江南站
G1251,苏州北站
G1251,上海虹桥站
G1252,上海虹桥站
G1252,苏州北站
G1252,无锡东站
G1252,常州北站
G1252,南京南站
G1252,滁州站
G1252,徐州东站
G1252,枣庄站
G1252,曲阜东站
G1252,济南西站
G1252,德州东站
G1252,天津西站
G1252,天津站
G1252,滨海北站
G1252,唐山站
G1252,秦皇岛站
G1252,山海关站
G1252,葫芦岛北站
G1252,盘锦站
G1252,营口东站
G1252,鲅鱼圈站
G1252,大连北站
G1253,上海虹桥站
G1253,苏州北站
G1253,无锡东站
G1253,常州北站
G1253,南京南站
G1253,滁州站
G1253,徐州东站
G1253,枣庄站
G1253,曲阜东站
G1253,济南西站
G1253,德州东站
G1253,天津西站
G1253,天津站
G1253,滨海北站
G1253,唐山站
G1253,秦皇岛站
G1253,山海关站
G1253,葫芦岛北站
G1253,盘锦站
G1253,营口东站
G1253,鲅鱼圈站
G1253,大连北站
G1254,大连站
G1254,营口东站
G1254,盘锦站
G1254,锦州南站
G1254,绥中北站
G1254,山海关站
G1254,唐山站
G1254,滨海站
G1254,天津站
G1254,天津西站
G1254,德州东站
G1254,济南西站
G1254,泰安站
G1254,徐州东站
G1254,滁州站
G1254,南京南站
G1254,镇江南站
G1254,苏州北站
G1254,上海虹桥站
G1255,上海虹桥站
G1255,昆山南站
G1255,无锡东站
G1255,南京南站
G1255,滁州站
G1255,徐州东站
G1255,枣庄站
G1255,济南西站
G1255,天津西站
G1255,天津站
G1255,滨海北站
G1255,唐山站
G1255,北戴河站
G1255,山海关站
G1255,绥中北站
G1255,锦州南站
G1255,盘锦北站
G1255,沈阳站
G1256,沈阳北站
G1256,锦州南站
G1256,绥中北站
G1256,山海关站
G1256,北戴河站
G1256,唐山站
G1256,滨海北站
G1256,天津站
G1256,天津西站
G1256,德州东站
G1256,济南西站
G1256,曲阜东站
G1256,徐州东站
G1256,南京南站
G1256,丹阳北站
G1256,苏州北站
G1256,上海虹桥站
G1257,沈阳北站
G1257,锦州南站
G1257,绥中北站
G1257,山海关站
G1257,北戴河站
G1257,唐山站
G1257,滨海北站
G1257,天津站
G1257,天津西站
G1257,德州东站
G1257,济南西站
G1257,曲阜东站
G1257,徐州东站
G1257,南京南站
G1257,丹阳北站
G1257,苏州北站
G1257,上海虹桥站
G1258,上海虹桥站
G1258,昆山南站
G1258,无锡东站
G1258,南京南站
G1258,滁州站
G1258,徐州东站
G1258,枣庄站
G1258,济南西站
G1258,天津西站
G1258,天津站
G1258,滨海北站
G1258,唐山站
G1258,北戴河站
G1258,山海关站
G1258,绥中北站
G1258,锦州南站
G1258,盘锦北站
G1258,沈阳站
G1265,青岛北站
G1265,潍坊站
G1265,青州市站
G1265,淄博站
G1265,济南站
G1265,济南西站
G1265,德州东站
G1265,沧州西站
G1265,天津西站
G1265,天津站
G1265,唐山站
G1265,秦皇岛站
G1265,山海关站
G1265,葫芦岛北站
G1265,锦州南站
G1265,沈阳北站
G1265,开原西站
G1265,四平东站
G1265,长春站
G1266,长春站
G1266,四平东站
G1266,铁岭西站
G1266,沈阳北站
G1266,辽中站
G1266,锦州南站
G1266,山海关站
G1266,秦皇岛站
G1266,唐山站
G1266,天津站
G1266,天津西站
G1266,沧州西站
G1266,德州东站
G1266,济南西站
G1266,济南站
G1266,章丘站
G1266,淄博站
G1266,青州市站
G1266,潍坊站
G1266,高密站
G1266,青岛北站
G1267,长春站
G1267,四平东站
G1267,铁岭西站
G1267,沈阳北站
G1267,辽中站
G1267,锦州南站
G1267,山海关站
G1267,秦皇岛站
G1267,唐山站
G1267,天津站
G1267,天津西站
G1267,沧州西站
G1267,德州东站
G1267,济南西站
G1267,济南站
G1267,章丘站
G1267,淄博站
G1267,青州市站
G1267,潍坊站
G1267,高密站
G1267,青岛北站
G1268,青岛北站
G1268,潍坊站
G1268,青州市站
G1268,淄博站
G1268,济南站
G1268,济南西站
G1268,德州东站
G1268,沧州西站
G1268,天津西站
G1268,天津站
G1268,唐山站
G1268,秦皇岛站
G1268,山海关站
G1268,葫芦岛北站
G1268,锦州南站
G1268,沈阳北站
G1268,开原西站
G1268,四平东站
G1268,长春站
G2001,郑州站
G2001,洛阳龙门站
G2001,三门峡南站
G2001,渭南北站
G2001,西安北站
G2003,郑州站
G2003,洛阳龙门站
G2003,三门峡南站
G2003,华山北站
G2003,西安北站
G2007,郑州站
G2007,洛阳龙门站
G2007,三门峡南站
G2007,灵宝西站
G2007,华山北站
G2007,西安北站
G2011,郑州站
G2011,洛阳龙门站
G2011,渑池南站
G2011,三门峡南站
G2011,渭南北站
G2011,西安北站
C2001,北京南站
C2001,天津站
C2002,天津站
C2002,北京南站
C2003,北京南站
C2003,天津站
C2004,天津站
C2004,北京南站
C2006,天津站
C2006,北京南站
C2007,北京南站
C2007,天津站
C2008,天津站
C2008,北京南站
C2009,北京南站
C2009,天津站
C2010,天津站
C2010,北京南站
C2011,北京南站
C2011,天津站
C2013,北京南站
C2013,天津站
C2014,天津站
C2014,北京南站
C2015,北京南站
C2015,天津站
C2016,天津站
C2016,北京南站
C2017,北京南站
C2017,天津站
C2018,天津站
C2018,北京南站
C2019,北京南站
C2019,天津站
C2020,天津站
C2020,北京南站
C2021,北京南站
C2021,天津站
C2022,天津站
C2022,北京南站
C2023,北京南站
C2023,天津站
C2025,北京南站
C2025,天津站
C2026,天津站
C2026,北京南站
C2027,北京南站
C2027,天津站
C2028,天津站
C2028,北京南站
C2029,北京南站
C2029,天津站
C2030,天津站
C2030,北京南站
C2031,北京南站
C2031,天津站
C2032,天津站
C2032,北京南站
C2034,天津站
C2034,北京南站
C2035,北京南站
C2035,天津站
C2037,北京南站
C2037,天津站
C2038,天津站
C2038,北京南站
C2039,北京南站
C2039,天津站
C2040,天津站
C2040,北京南站
C2041,北京南站
C2041,天津站
C2042,天津站
C2042,北京南站
C2043,北京南站
C2043,天津站
C2044,天津站
C2044,北京南站
C2045,北京南站
C2045,天津站
C2046,天津站
C2046,北京南站
C2047,北京南站
C2047,天津站
C2049,北京南站
C2049,天津站
C2050,天津站
C2050,北京南站
C2051,北京南站
C2051,天津站
C2052,天津站
C2052,北京南站
C2053,北京南站
C2053,天津站
C2054,天津站
C2054,北京南站
C2055,北京南站
C2055,天津站
C2056,天津站
C2056,北京南站
C2057,北京南站
C2057,天津站
C2058,天津站
C2058,北京南站
C2059,北京南站
C2059,天津站
C2060,天津站
C2060,北京南站
C2061,北京南站
C2061,天津站
C2062,天津站
C2062,北京南站
C2063,北京南站
C2063,天津站
C2064,天津站
C2064,北京南站
C2065,北京南站
C2065,天津站
C2066,天津站
C2066,北京南站
C2067,北京南站
C2067,天津站
C2068,天津站
C2068,北京南站
C2069,北京南站
C2069,天津站
C2070,天津站
C2070,北京南站
C2071,北京南站
C2071,天津站
C2073,北京南站
C2073,天津站
C2074,天津站
C2074,北京南站
C2075,北京南站
C2075,天津站
C2076,天津站
C2076,北京南站
C2077,北京南站
C2077,天津站
C2078,天津站
C2078,北京南站
C2079,北京南站
C2079,天津站
C2080,天津站
C2080,北京南站
C2081,北京南站
C2081,天津站
C2082,天津站
C2082,北京南站
C2083,北京南站
C2083,天津站
C2084,天津站
C2084,北京南站
C2085,北京南站
C2085,天津站
C2086,天津站
C2086,北京南站
C2087,北京南站
C2087,天津站
C2088,天津站
C2088,北京南站
C2092,天津站
C2092,北京南站
C2093,北京南站
C2093,天津站
C2095,北京南站
C2095,天津站
C2096,天津站
C2096,北京南站
C2099,北京南站
C2099,天津站
C2100,天津站
C2100,北京南站
C2201,北京南站
C2201,武清站
C2201,天津站
C2202,天津站
C2202,武清站
C2202,北京南站
C2203,北京南站
C2203,武清站
C2203,天津站
C2204,天津站
C2204,武清站
C2204,北京南站
C2205,北京南站
C2205,武清站
C2205,天津站
C2206,天津站
C2206,武清站
C2206,北京南站
C2207,北京南站
C2207,武清站
C2207,天津站
C2208,天津站
C2208,武清站
C2208,北京南站
C2210,天津站
C2210,武清站
C2210,北京南站
C2211,北京南站
C2211,武清站
C2211,天津站
C2212,天津站
C2212,武清站
C2212,北京南站
C2213,北京南站
C2213,武清站
C2213,天津站
C2214,天津站
C2214,武清站
C2214,北京南站
C2215,北京南站
C2215,武清站
C2215,天津站
C2216,天津站
C2216,武清站
C2216,北京南站
C2217,北京南站
C2217,武清站
C2217,天津站
C2218,天津站
C2218,武清站
C2218,北京南站
C2220,天津站
C2220,武清站
C2220,北京南站
C2221,北京南站
C2221,武清站
C2221,天津站
C2222,天津站
C2222,武清站
C2222,北京南站
C2223,北京南站
C2223,武清站
C2223,天津站
C2224,天津站
C2224,武清站
C2224,北京南站
C2225,北京南站
C2225,武清站
C2225,天津站
C2226,天津站
C2226,武清站
C2226,北京南站
C2228,天津站
C2228,武清站
C2228,北京南站
C2229,北京南站
C2229,武清站
C2229,天津站
C2231,北京南站
C2231,武清站
C2231,天津站
C2232,天津站
C2232,武清站
C2232,北京南站
C2234,天津站
C2234,武清站
C2234,北京南站
C2235,北京南站
C2235,武清站
C2235,天津站
C2236,天津站
C2236,武清站
C2236,北京南站
C2237,北京南站
C2237,武清站
C2237,天津站
C2238,天津站
C2238,武清站
C2238,北京南站
C2240,天津站
C2240,武清站
C2240,北京南站
C2241,北京南站
C2241,武清站
C2241,天津站
C2242,天津站
C2242,武清站
C2242,北京南站
C2243,北京南站
C2243,武清站
C2243,天津站
C2244,天津站
C2244,武清站
C2244,北京南站
C2245,北京南站
C2245,武清站
C2245,天津站
C2247,北京南站
C2247,武清站
C2247,天津站
C2248,天津站
C2248,武清站
